date,accident_num,평균기온(°C),일강수량(mm),평균 풍속(m/s),평균 상대습도(%),평균 이슬점온도(°C),year,month,day,측정소명,O3,PM10,PM2.5,season,요일,workday
2020-01-01,2.0,0.3,0.0,0.7,68.1,-5.0,2020,1,1,대천2동,0,0.0,1.0,winter,수요일,1
2020-01-02,0.0,1.8,0.0,0.8,73.4,-2.5,2020,1,2,대천2동,0,1.0,2.0,winter,목요일,0
2020-01-03,0.0,2.5,0.0,0.6,73.8,-1.9,2020,1,3,대천2동,0,1.0,2.0,winter,금요일,0
2020-01-04,0.0,1.8,0.0,0.9,76.0,-2.1,2020,1,4,대천2동,0,1.0,2.0,winter,토요일,1
2020-01-05,5.0,2.0,0.0,1.3,54.9,-6.8,2020,1,5,대천2동,0,1.0,1.0,winter,일요일,1
2020-01-06,1.0,5.7,10.2,1.6,83.1,2.8,2020,1,6,대천2동,0,0.0,1.0,winter,월요일,0
2020-01-07,1.0,10.7,34.7,4.2,95.6,9.9,2020,1,7,대천2동,0,0.0,0.0,winter,화요일,0
2020-01-08,0.0,4.4,0.3,1.9,80.6,1.3,2020,1,8,대천2동,0,1.0,1.0,winter,수요일,0
2020-01-09,0.0,1.5,0.0,1.5,71.0,-3.2,2020,1,9,대천2동,0,1.0,1.0,winter,목요일,0
2020-01-10,0.0,0.3,0.0,0.9,72.9,-4.4,2020,1,10,대천2동,0,1.0,1.0,winter,금요일,0
2020-01-11,1.0,1.9,0.0,1.0,67.8,-3.6,2020,1,11,대천2동,0,1.0,1.0,winter,토요일,1
2020-01-12,0.0,2.3,0.0,1.2,62.0,-4.2,2020,1,12,대천2동,0,0.0,1.0,winter,일요일,1
2020-01-13,1.0,0.8,0.2,1.3,61.0,-5.9,2020,1,13,대천2동,0,0.0,0.0,winter,월요일,0
2020-01-14,1.0,0.0,0.0,1.1,64.4,-6.0,2020,1,14,대천2동,0,0.0,1.0,winter,화요일,0
2020-01-15,1.0,0.2,0.0,1.4,61.9,-6.3,2020,1,15,대천2동,0,0.0,1.0,winter,수요일,0
2020-01-16,0.0,-0.2,0.0,1.2,57.5,-8.1,2020,1,16,대천2동,0,0.0,1.0,winter,목요일,0
2020-01-17,2.0,0.2,0.0,0.7,58.0,-7.3,2020,1,17,대천2동,0,1.0,1.0,winter,금요일,0
2020-01-18,1.0,0.7,0.0,1.0,64.3,-5.5,2020,1,18,대천2동,0,1.0,1.0,winter,토요일,1
2020-01-19,2.0,4.4,0.0,0.8,61.1,-2.6,2020,1,19,대천2동,0,1.0,2.0,winter,일요일,1
2020-01-20,0.0,3.7,0.0,1.0,54.3,-4.7,2020,1,20,대천2동,0,1.0,1.0,winter,월요일,0
2020-01-21,1.0,0.5,0.0,0.9,54.3,-8.0,2020,1,21,대천2동,0,1.0,1.0,winter,화요일,0
2020-01-22,0.0,3.3,0.4,2.1,67.8,-2.2,2020,1,22,대천2동,0,1.0,1.0,winter,수요일,0
2020-01-23,0.0,5.4,0.0,1.8,60.0,-2.0,2020,1,23,대천2동,0,1.0,2.0,winter,목요일,0
2020-01-24,0.0,4.0,0.0,1.7,69.3,-1.5,2020,1,24,대천2동,0,1.0,2.0,winter,금요일,1
2020-01-25,0.0,3.4,0.0,1.0,76.1,-0.5,2020,1,25,대천2동,0,2.0,3.0,winter,토요일,1
2020-01-26,3.0,7.2,0.0,1.9,62.3,0.0,2020,1,26,대천2동,0,1.0,1.0,winter,일요일,1
2020-01-27,2.0,5.9,3.6,2.7,71.9,0.9,2020,1,27,대천2동,0,0.0,0.0,winter,월요일,0
2020-01-28,0.0,6.6,0.0,1.5,73.8,2.0,2020,1,28,대천2동,0,0.0,0.0,winter,화요일,0
2020-01-29,0.0,6.0,0.0,0.8,66.8,0.2,2020,1,29,대천2동,0,0.0,0.0,winter,수요일,0
2020-01-30,1.0,4.0,0.0,0.8,79.5,0.5,2020,1,30,대천2동,0,0.0,1.0,winter,목요일,0
2020-01-31,0.0,2.9,0.0,0.6,70.6,-2.1,2020,1,31,대천2동,0,1.0,1.0,winter,금요일,0
2020-02-01,0.0,2.6,0.0,1.0,78.5,-0.9,2020,2,1,대천2동,0,1.0,2.0,winter,토요일,1
2020-02-02,1.0,1.5,0.0,0.5,71.9,-3.3,2020,2,2,대천2동,0,1.0,2.0,winter,일요일,1
2020-02-03,0.0,1.1,0.0,1.5,62.3,-5.5,2020,2,3,대천2동,0,0.0,1.0,winter,월요일,0
2020-02-04,0.0,0.4,0.3,1.6,66.9,-5.3,2020,2,4,대천2동,0,0.0,0.0,winter,화요일,0
2020-02-05,1.0,-4.7,0.0,2.7,50.5,-13.6,2020,2,5,대천2동,0,0.0,0.0,winter,수요일,0
2020-02-06,0.0,-4.8,0.0,1.6,45.3,-15.4,2020,2,6,대천2동,0,0.0,1.0,winter,목요일,0
2020-02-07,1.0,-0.6,0.0,1.2,61.0,-7.3,2020,2,7,대천2동,0,1.0,1.0,winter,금요일,0
2020-02-08,0.0,1.7,0.0,1.4,58.0,-6.0,2020,2,8,대천2동,0,1.0,1.0,winter,토요일,1
2020-02-09,0.0,-0.2,0.0,0.8,65.4,-6.1,2020,2,9,대천2동,0,0.0,1.0,winter,일요일,1
2020-02-10,0.0,4.0,0.0,0.5,71.0,-1.1,2020,2,10,대천2동,0,1.0,2.0,winter,월요일,0
2020-02-11,3.0,7.1,0.0,1.4,47.9,-3.7,2020,2,11,대천2동,0,1.0,2.0,winter,화요일,0
2020-02-12,0.0,8.6,6.4,2.1,90.9,7.1,2020,2,12,대천2동,0,0.0,1.0,winter,수요일,0
2020-02-13,0.0,6.3,0.0,0.6,91.4,4.9,2020,2,13,대천2동,0,1.0,1.0,winter,목요일,0
2020-02-14,1.0,6.9,0.0,1.5,83.9,4.1,2020,2,14,대천2동,0,2.0,3.0,winter,금요일,0
2020-02-15,0.0,8.4,1.5,0.9,74.8,3.2,2020,2,15,대천2동,0,2.0,3.0,winter,토요일,1
2020-02-16,1.0,0.6,12.5,1.4,80.8,-2.5,2020,2,16,대천2동,0,0.0,0.0,winter,일요일,1
2020-02-17,0.0,-2.7,2.8,1.7,73.8,-6.8,2020,2,17,대천2동,0,0.0,0.0,winter,월요일,0
2020-02-18,2.0,-1.3,0.0,1.0,61.4,-7.9,2020,2,18,대천2동,0,0.0,0.0,winter,화요일,0
2020-02-19,5.0,2.7,0.0,1.2,70.8,-2.3,2020,2,19,대천2동,0,0.0,0.0,winter,수요일,0
2020-02-20,0.0,5.2,0.0,0.7,80.6,1.9,2020,2,20,대천2동,0,1.0,1.0,winter,목요일,0
2020-02-21,1.0,7.8,0.9,2.1,73.3,2.8,2020,2,21,대천2동,0,1.0,2.0,winter,금요일,0
2020-02-22,0.0,5.9,1.4,1.3,65.5,-0.3,2020,2,22,대천2동,0,1.0,2.0,winter,토요일,1
2020-02-23,0.0,2.6,0.0,1.0,60.1,-4.7,2020,2,23,대천2동,0,0.0,0.0,winter,일요일,1
2020-02-24,0.0,7.8,2.3,1.6,69.9,2.4,2020,2,24,대천2동,0,0.0,0.0,winter,월요일,0
2020-02-25,0.0,7.7,41.5,2.9,89.5,5.9,2020,2,25,대천2동,0,0.0,0.0,winter,화요일,0
2020-02-26,0.0,6.1,0.0,1.3,75.3,1.8,2020,2,26,대천2동,1,0.0,0.0,winter,수요일,0
2020-02-27,1.0,4.4,0.0,1.0,81.0,1.3,2020,2,27,대천2동,0,1.0,1.0,winter,목요일,0
2020-02-28,0.0,5.4,5.7,0.6,89.0,3.7,2020,2,28,대천2동,0,1.0,1.0,winter,금요일,0
2020-02-29,1.0,7.6,0.0,1.4,78.5,3.8,2020,2,29,대천2동,1,0.0,1.0,winter,토요일,1
2020-03-01,0.0,5.0,0.0,0.8,82.0,2.0,2020,3,1,대천2동,1,1.0,1.0,spring,일요일,1
2020-03-02,0.0,4.4,0.0,1.7,57.5,-3.4,2020,3,2,대천2동,1,1.0,1.0,spring,월요일,0
2020-03-03,0.0,4.8,0.0,0.9,68.9,-0.6,2020,3,3,대천2동,1,1.0,1.0,spring,화요일,0
2020-03-04,0.0,3.3,0.2,1.6,63.6,-3.1,2020,3,4,대천2동,1,1.0,1.0,spring,수요일,0
2020-03-05,0.0,1.7,0.0,1.2,60.0,-5.5,2020,3,5,대천2동,1,1.0,1.0,spring,목요일,0
2020-03-06,0.0,2.6,0.0,1.1,60.4,-4.8,2020,3,6,대천2동,1,0.0,1.0,spring,금요일,0
2020-03-07,1.0,5.8,0.0,0.9,62.5,-1.0,2020,3,7,대천2동,1,1.0,1.0,spring,토요일,1
2020-03-08,1.0,6.5,0.0,1.1,67.6,0.6,2020,3,8,대천2동,1,1.0,2.0,spring,일요일,1
2020-03-09,4.0,7.5,3.7,1.4,70.4,2.1,2020,3,9,대천2동,1,2.0,2.0,spring,월요일,0
2020-03-10,1.0,6.1,4.9,2.0,81.0,2.8,2020,3,10,대천2동,1,1.0,1.0,spring,화요일,0
2020-03-11,0.0,4.1,0.0,1.2,53.0,-4.9,2020,3,11,대천2동,1,1.0,0.0,spring,수요일,0
2020-03-12,1.0,5.7,0.0,1.8,64.6,-1.3,2020,3,12,대천2동,1,0.0,0.0,spring,목요일,0
2020-03-13,0.0,5.6,0.0,1.2,54.5,-3.6,2020,3,13,대천2동,1,0.0,0.0,spring,금요일,0
2020-03-14,2.0,4.5,0.0,1.5,63.1,-2.2,2020,3,14,대천2동,1,1.0,1.0,spring,토요일,1
2020-03-15,1.0,5.4,0.0,1.6,58.0,-2.7,2020,3,15,대천2동,1,1.0,1.0,spring,일요일,1
2020-03-16,0.0,3.2,0.0,1.6,61.0,-3.7,2020,3,16,대천2동,0,0.0,0.0,spring,월요일,0
2020-03-17,1.0,7.2,0.0,3.2,83.8,4.5,2020,3,17,대천2동,1,1.0,0.0,spring,화요일,0
2020-03-18,0.0,8.8,0.0,2.2,65.3,0.9,2020,3,18,대천2동,1,1.0,1.0,spring,수요일,0
2020-03-19,0.0,9.4,0.0,3.5,63.6,2.7,2020,3,19,대천2동,1,1.0,1.0,spring,목요일,0
2020-03-20,0.0,8.5,0.0,2.8,62.4,1.4,2020,3,20,대천2동,0,1.0,0.0,spring,금요일,0
2020-03-21,0.0,12.6,0.0,4.3,68.8,6.8,2020,3,21,대천2동,1,1.0,0.0,spring,토요일,1
2020-03-22,4.0,10.0,0.0,1.5,58.6,1.1,2020,3,22,대천2동,1,1.0,1.0,spring,일요일,1
2020-03-23,0.0,7.3,0.0,1.3,70.1,1.9,2020,3,23,대천2동,1,1.0,1.0,spring,월요일,0
2020-03-24,1.0,8.0,0.0,1.2,67.8,1.8,2020,3,24,대천2동,1,1.0,2.0,spring,화요일,0
2020-03-25,1.0,11.7,0.0,1.4,53.9,2.2,2020,3,25,대천2동,1,1.0,1.0,spring,수요일,0
2020-03-26,0.0,15.2,1.8,1.5,70.1,9.5,2020,3,26,대천2동,1,0.0,1.0,spring,목요일,0
2020-03-27,0.0,9.3,12.2,1.3,76.4,5.1,2020,3,27,대천2동,0,1.0,1.0,spring,금요일,0
2020-03-28,0.0,6.4,0.0,2.5,42.8,-5.8,2020,3,28,대천2동,0,1.0,0.0,spring,토요일,1
2020-03-29,0.0,6.4,0.0,1.0,60.8,-1.2,2020,3,29,대천2동,0,1.0,0.0,spring,일요일,1
2020-03-30,0.0,7.9,0.0,0.9,58.8,-0.3,2020,3,30,대천2동,1,1.0,1.0,spring,월요일,0
2020-03-31,0.0,9.5,0.0,0.9,53.4,-0.1,2020,3,31,대천2동,0,1.0,1.0,spring,화요일,0
2020-04-01,0.0,8.7,0.0,0.8,58.8,0.7,2020,4,1,대천2동,1,1.0,1.0,spring,수요일,0
2020-04-02,1.0,7.2,0.0,0.8,71.6,2.1,2020,4,2,대천2동,1,1.0,1.0,spring,목요일,0
2020-04-03,0.0,7.9,0.0,0.8,70.6,2.2,2020,4,3,대천2동,0,1.0,1.0,spring,금요일,0
2020-04-04,2.0,8.2,0.0,1.9,56.9,-1.3,2020,4,4,대천2동,1,1.0,1.0,spring,토요일,1
2020-04-05,0.0,5.5,0.0,0.9,52.1,-4.2,2020,4,5,대천2동,1,1.0,0.0,spring,일요일,1
2020-04-06,1.0,6.7,0.0,0.9,67.5,0.7,2020,4,6,대천2동,0,1.0,0.0,spring,월요일,0
2020-04-07,1.0,8.2,0.0,1.7,77.5,4.3,2020,4,7,대천2동,0,0.0,0.0,spring,화요일,0
2020-04-08,0.0,7.6,0.0,0.9,60.8,-0.8,2020,4,8,대천2동,1,0.0,0.0,spring,수요일,0
2020-04-09,1.0,7.6,0.0,0.8,64.6,0.9,2020,4,9,대천2동,1,1.0,1.0,spring,목요일,0
2020-04-10,0.0,7.9,0.0,1.1,73.1,3.1,2020,4,10,대천2동,1,1.0,1.0,spring,금요일,0
2020-04-11,1.0,6.7,0.0,0.7,73.1,1.7,2020,4,11,대천2동,0,0.0,1.0,spring,토요일,1
2020-04-12,4.0,8.3,1.1,1.3,72.0,3.1,2020,4,12,대천2동,1,0.0,1.0,spring,일요일,1
2020-04-13,0.0,9.3,0.0,1.8,55.1,0.1,2020,4,13,대천2동,1,0.0,0.0,spring,월요일,0
2020-04-14,0.0,8.8,0.0,1.2,65.9,2.5,2020,4,14,대천2동,1,1.0,1.0,spring,화요일,0
2020-04-15,0.0,10.1,0.0,0.9,49.0,-1.1,2020,4,15,대천2동,1,1.0,1.0,spring,수요일,0
2020-04-16,1.0,13.7,0.0,1.7,50.0,2.9,2020,4,16,대천2동,1,1.0,1.0,spring,목요일,0
2020-04-17,2.0,13.4,2.1,2.4,75.3,8.8,2020,4,17,대천2동,1,1.0,1.0,spring,금요일,0
2020-04-18,0.0,10.1,1.8,0.9,88.4,8.1,2020,4,18,대천2동,1,1.0,1.0,spring,토요일,1
2020-04-19,1.0,11.1,11.4,1.4,83.9,8.2,2020,4,19,대천2동,1,0.0,1.0,spring,일요일,1
2020-04-20,1.0,9.3,0.1,1.8,83.5,6.5,2020,4,20,대천2동,1,0.0,0.0,spring,월요일,0
2020-04-21,0.0,8.3,0.0,1.4,56.4,-0.5,2020,4,21,대천2동,1,1.0,0.0,spring,화요일,0
2020-04-22,0.0,8.1,0.0,1.5,44.3,-3.4,2020,4,22,대천2동,1,1.0,0.0,spring,수요일,0
2020-04-23,0.0,9.2,0.0,1.3,55.5,0.6,2020,4,23,대천2동,1,1.0,0.0,spring,목요일,0
2020-04-24,4.0,10.0,0.0,4.0,65.3,3.6,2020,4,24,대천2동,1,1.0,0.0,spring,금요일,0
2020-04-25,6.0,12.4,0.0,5.1,64.6,5.5,2020,4,25,대천2동,1,1.0,1.0,spring,토요일,1
2020-04-26,0.0,10.8,0.0,0.9,55.5,0.5,2020,4,26,대천2동,1,0.0,0.0,spring,일요일,1
2020-04-27,1.0,9.9,0.0,1.1,65.9,3.5,2020,4,27,대천2동,1,0.0,1.0,spring,월요일,0
2020-04-28,2.0,11.1,0.0,2.5,68.0,4.7,2020,4,28,대천2동,1,0.0,1.0,spring,화요일,0
2020-04-29,0.0,13.0,0.0,1.8,49.1,1.5,2020,4,29,대천2동,1,0.0,0.0,spring,수요일,0
2020-04-30,2.0,16.8,0.0,3.7,67.1,10.4,2020,4,30,대천2동,1,0.0,0.0,spring,목요일,1
2020-05-01,2.0,19.3,0.0,5.0,79.8,15.6,2020,5,1,대천2동,1,1.0,1.0,spring,금요일,0
2020-05-02,6.0,20.6,0.0,3.0,72.0,15.2,2020,5,2,대천2동,1,1.0,1.0,spring,토요일,1
2020-05-03,5.0,19.3,7.9,1.5,81.5,16.0,2020,5,3,대천2동,1,0.0,0.0,spring,일요일,1
2020-05-04,0.0,15.2,0.0,0.9,81.5,11.8,2020,5,4,대천2동,1,0.0,1.0,spring,월요일,0
2020-05-05,1.0,12.4,2.7,0.9,90.5,10.8,2020,5,5,대천2동,0,0.0,0.0,spring,화요일,1
2020-05-06,2.0,18.8,0.0,1.9,56.8,8.4,2020,5,6,대천2동,1,0.0,0.0,spring,수요일,0
2020-05-07,2.0,19.6,0.0,1.5,34.5,2.3,2020,5,7,대천2동,1,0.0,0.0,spring,목요일,0
2020-05-08,2.0,18.9,10.4,1.3,51.5,7.0,2020,5,8,대천2동,1,0.0,0.0,spring,금요일,0
2020-05-09,0.0,15.8,8.0,4.3,91.4,14.3,2020,5,9,대천2동,1,0.0,0.0,spring,토요일,1
2020-05-10,3.0,13.2,1.4,1.9,95.1,12.3,2020,5,10,대천2동,1,0.0,1.0,spring,일요일,1
2020-05-11,0.0,14.9,1.2,2.8,87.6,12.8,2020,5,11,대천2동,1,1.0,2.0,spring,월요일,0
2020-05-12,0.0,14.0,0.0,2.7,80.0,10.4,2020,5,12,대천2동,1,1.0,1.0,spring,화요일,0
2020-05-13,0.0,14.5,0.0,1.9,56.6,4.5,2020,5,13,대천2동,1,0.0,0.0,spring,수요일,0
2020-05-14,2.0,19.6,0.0,1.2,33.4,2.1,2020,5,14,대천2동,1,1.0,0.0,spring,목요일,0
2020-05-15,2.0,17.6,19.1,2.4,82.8,14.3,2020,5,15,대천2동,1,0.0,0.0,spring,금요일,0
2020-05-16,1.0,14.8,0.7,1.4,93.8,13.7,2020,5,16,대천2동,1,0.0,0.0,spring,토요일,1
2020-05-17,2.0,17.2,0.2,1.0,84.5,14.4,2020,5,17,대천2동,1,0.0,1.0,spring,일요일,1
2020-05-18,0.0,17.6,26.9,1.4,83.1,14.3,2020,5,18,대천2동,1,1.0,1.0,spring,월요일,0
2020-05-19,0.0,13.8,5.5,3.1,82.1,10.6,2020,5,19,대천2동,1,0.0,0.0,spring,화요일,0
2020-05-20,0.0,14.1,0.0,0.7,69.3,8.1,2020,5,20,대천2동,0,0.0,0.0,spring,수요일,0
2020-05-21,1.0,16.0,0.0,1.2,73.3,11.0,2020,5,21,대천2동,1,0.0,0.0,spring,목요일,0
2020-05-22,1.0,17.7,0.0,1.1,75.9,13.2,2020,5,22,대천2동,1,1.0,1.0,spring,금요일,0
2020-05-23,4.0,19.0,0.0,1.5,73.9,13.9,2020,5,23,대천2동,1,1.0,1.0,spring,토요일,1
2020-05-24,4.0,16.5,7.5,1.5,87.6,14.3,2020,5,24,대천2동,1,0.0,1.0,spring,일요일,1
2020-05-25,1.0,15.4,0.0,0.5,87.0,13.1,2020,5,25,대천2동,1,0.0,1.0,spring,월요일,0
2020-05-26,0.0,17.3,0.0,1.3,80.5,13.6,2020,5,26,대천2동,1,1.0,1.0,spring,화요일,0
2020-05-27,0.0,16.1,0.0,0.7,80.0,12.4,2020,5,27,대천2동,1,1.0,1.0,spring,수요일,0
2020-05-28,1.0,16.5,0.0,1.4,78.8,12.3,2020,5,28,대천2동,1,0.0,0.0,spring,목요일,0
2020-05-29,1.0,19.0,0.0,0.9,76.0,14.3,2020,5,29,대천2동,1,1.0,1.0,spring,금요일,0
2020-05-30,6.0,21.0,0.0,0.8,67.0,14.0,2020,5,30,대천2동,1,1.0,1.0,spring,토요일,1
2020-05-31,0.0,19.3,0.9,0.9,72.6,14.0,2020,5,31,대천2동,1,1.0,1.0,spring,일요일,1
2020-06-01,2.0,17.5,0.2,1.2,86.8,15.1,2020,6,1,대천2동,1,0.0,0.0,summer,월요일,0
2020-06-02,1.0,18.1,6.1,2.0,77.1,13.4,2020,6,2,대천2동,1,0.0,0.0,summer,화요일,0
2020-06-03,1.0,20.3,1.2,2.5,91.1,18.7,2020,6,3,대천2동,1,0.0,0.0,summer,수요일,0
2020-06-04,2.0,20.0,0.2,3.0,92.6,18.7,2020,6,4,대천2동,1,0.0,0.0,summer,목요일,0
2020-06-05,1.0,19.7,0.6,1.2,91.8,18.2,2020,6,5,대천2동,1,0.0,0.0,summer,금요일,0
2020-06-06,2.0,19.1,0.0,1.3,90.9,17.5,2020,6,6,대천2동,1,1.0,1.0,summer,토요일,1
2020-06-07,2.0,20.6,0.0,1.5,79.3,16.7,2020,6,7,대천2동,1,1.0,1.0,summer,일요일,1
2020-06-08,1.0,23.1,0.0,1.2,65.9,15.9,2020,6,8,대천2동,1,1.0,1.0,summer,월요일,0
2020-06-09,1.0,24.7,0.0,0.9,59.1,15.6,2020,6,9,대천2동,1,1.0,1.0,summer,화요일,0
2020-06-10,0.0,24.4,55.3,1.1,71.4,18.2,2020,6,10,대천2동,1,1.0,1.0,summer,수요일,0
2020-06-11,0.0,24.3,2.2,1.2,82.1,20.8,2020,6,11,대천2동,1,0.0,0.0,summer,목요일,0
2020-06-12,2.0,20.8,2.2,0.7,92.1,19.4,2020,6,12,대천2동,0,1.0,1.0,summer,금요일,0
2020-06-13,3.0,23.8,3.6,1.7,86.1,21.2,2020,6,13,대천2동,1,0.0,0.0,summer,토요일,1
2020-06-14,1.0,21.6,0.3,0.9,89.0,19.4,2020,6,14,대천2동,1,0.0,0.0,summer,일요일,1
2020-06-15,1.0,20.7,0.0,1.5,83.8,17.7,2020,6,15,대천2동,1,0.0,0.0,summer,월요일,0
2020-06-16,3.0,21.5,0.0,1.3,81.5,18.0,2020,6,16,대천2동,1,1.0,1.0,summer,화요일,0
2020-06-17,0.0,21.3,0.0,1.4,81.1,17.7,2020,6,17,대천2동,1,1.0,1.0,summer,수요일,0
2020-06-18,1.0,21.1,1.3,1.3,79.8,17.2,2020,6,18,대천2동,1,0.0,0.0,summer,목요일,0
2020-06-19,1.0,21.8,0.2,1.2,79.8,17.9,2020,6,19,대천2동,1,1.0,1.0,summer,금요일,0
2020-06-20,2.0,21.1,0.0,1.1,83.4,17.9,2020,6,20,대천2동,1,1.0,1.0,summer,토요일,1
2020-06-21,2.0,23.4,0.0,0.8,70.6,17.4,2020,6,21,대천2동,1,1.0,1.0,summer,일요일,1
2020-06-22,1.0,22.8,0.0,1.1,78.9,18.6,2020,6,22,대천2동,1,1.0,1.0,summer,월요일,0
2020-06-23,2.0,24.3,0.0,1.0,70.4,18.1,2020,6,23,대천2동,1,1.0,1.0,summer,화요일,0
2020-06-24,1.0,23.6,2.3,2.7,74.5,18.3,2020,6,24,대천2동,1,0.0,0.0,summer,수요일,0
2020-06-25,1.0,20.7,2.2,3.8,93.3,19.5,2020,6,25,대천2동,1,0.0,0.0,summer,목요일,0
2020-06-26,1.0,21.3,0.3,1.4,86.0,18.8,2020,6,26,대천2동,1,0.0,0.0,summer,금요일,0
2020-06-27,3.0,22.7,0.0,0.7,77.3,18.2,2020,6,27,대천2동,1,0.0,0.0,summer,토요일,1
2020-06-28,2.0,21.4,0.0,0.8,86.0,18.7,2020,6,28,대천2동,1,0.0,1.0,summer,일요일,1
2020-06-29,4.0,21.4,40.6,2.1,87.1,19.0,2020,6,29,대천2동,1,0.0,0.0,summer,월요일,0
2020-06-30,0.0,19.5,20.9,2.1,94.4,18.5,2020,6,30,대천2동,1,0.0,0.0,summer,화요일,0
2020-07-01,1.0,20.6,0.0,1.6,86.3,18.0,2020,7,1,대천2동,1,0.0,0.0,summer,수요일,0
2020-07-02,0.0,22.4,0.0,1.2,81.1,18.7,2020,7,2,대천2동,1,0.0,1.0,summer,목요일,0
2020-07-03,2.0,22.2,1.7,1.0,80.1,18.2,2020,7,3,대천2동,0,0.0,0.0,summer,금요일,0
2020-07-04,2.0,21.2,0.0,1.1,78.4,17.0,2020,7,4,대천2동,1,0.0,0.0,summer,토요일,1
2020-07-05,2.0,21.4,0.0,0.7,84.1,18.5,2020,7,5,대천2동,1,0.0,0.0,summer,일요일,1
2020-07-06,0.0,23.4,0.0,1.2,79.9,19.5,2020,7,6,대천2동,1,0.0,0.0,summer,월요일,0
2020-07-07,0.0,23.1,0.0,0.8,84.0,20.0,2020,7,7,대천2동,1,0.0,0.0,summer,화요일,0
2020-07-08,1.0,21.9,0.0,1.1,86.8,19.5,2020,7,8,대천2동,1,0.0,0.0,summer,수요일,0
2020-07-09,2.0,24.2,0.0,0.9,81.3,20.5,2020,7,9,대천2동,1,1.0,1.0,summer,목요일,0
2020-07-10,3.0,25.9,0.6,0.8,78.5,21.6,2020,7,10,대천2동,1,0.0,0.0,summer,금요일,0
2020-07-11,5.0,24.1,0.0,0.8,79.8,20.1,2020,7,11,대천2동,1,0.0,0.0,summer,토요일,1
2020-07-12,4.0,22.7,34.3,1.2,87.1,20.4,2020,7,12,대천2동,1,0.0,0.0,summer,일요일,1
2020-07-13,0.0,20.6,60.9,2.4,85.9,18.1,2020,7,13,대천2동,1,0.0,,summer,월요일,0
2020-07-14,1.0,20.2,15.0,2.5,89.3,18.3,2020,7,14,대천2동,0,0.0,0.0,summer,화요일,0
2020-07-15,3.0,21.0,1.3,0.9,87.4,18.7,2020,7,15,대천2동,0,0.0,0.0,summer,수요일,0
2020-07-16,0.0,22.0,0.0,0.5,83.9,18.9,2020,7,16,대천2동,1,0.0,0.0,summer,목요일,0
2020-07-17,2.0,22.7,0.0,0.7,79.6,18.6,2020,7,17,대천2동,1,0.0,0.0,summer,금요일,0
2020-07-18,2.0,23.7,0.0,0.9,81.0,20.0,2020,7,18,대천2동,1,1.0,1.0,summer,토요일,1
2020-07-19,2.0,26.6,21.3,3.4,76.1,21.9,2020,7,19,대천2동,1,0.0,0.0,summer,일요일,1
2020-07-20,0.0,23.1,3.4,4.4,92.5,21.7,2020,7,20,대천2동,1,0.0,0.0,summer,월요일,0
2020-07-21,0.0,23.9,0.0,0.5,83.4,20.6,2020,7,21,대천2동,1,0.0,0.0,summer,화요일,0
2020-07-22,1.0,22.6,16.2,0.9,91.8,21.1,2020,7,22,대천2동,1,0.0,1.0,summer,수요일,0
2020-07-23,0.0,22.6,96.7,2.8,87.5,20.3,2020,7,23,대천2동,1,0.0,0.0,summer,목요일,0
2020-07-24,1.0,21.9,6.0,2.3,88.0,19.7,2020,7,24,대천2동,0,0.0,0.0,summer,금요일,0
2020-07-25,0.0,23.7,1.0,1.6,82.4,20.2,2020,7,25,대천2동,0,0.0,0.0,summer,토요일,1
2020-07-26,6.0,22.3,0.7,0.9,91.0,20.7,2020,7,26,대천2동,0,0.0,0.0,summer,일요일,1
2020-07-27,5.0,23.5,0.6,0.5,88.8,21.4,2020,7,27,대천2동,0,0.0,0.0,summer,월요일,0
2020-07-28,1.0,24.2,0.4,0.6,89.6,22.3,2020,7,28,대천2동,1,0.0,0.0,summer,화요일,0
2020-07-29,0.0,25.3,56.5,2.2,93.5,24.1,2020,7,29,대천2동,1,0.0,0.0,summer,수요일,0
2020-07-30,1.0,25.15,22.8,1.6,94.4,24.1,2020,7,30,대천2동,1,0.0,0.0,summer,목요일,0
2020-07-31,2.0,25.0,6.5,1.3,95.3,24.1,2020,7,31,대천2동,1,0.0,0.0,summer,금요일,0
2020-08-01,0.0,25.7,15.5,3.4,89.9,23.8,2020,8,1,대천2동,1,0.0,0.0,summer,토요일,1
2020-08-02,1.0,26.6,2.4,5.5,88.3,24.5,2020,8,2,대천2동,0,0.0,0.0,summer,일요일,1
2020-08-03,2.0,26.2,46.3,5.4,90.3,24.4,2020,8,3,대천2동,0,0.0,1.0,summer,월요일,0
2020-08-04,2.0,27.9,0.0,3.5,80.1,24.0,2020,8,4,대천2동,0,1.0,1.0,summer,화요일,0
2020-08-05,1.0,28.7,0.1,3.1,75.5,23.8,2020,8,5,대천2동,0,0.0,1.0,summer,수요일,0
2020-08-06,5.0,23.5,11.8,4.9,95.0,22.6,2020,8,6,대천2동,0,0.0,0.0,summer,목요일,0
2020-08-07,2.0,23.2,13.7,1.0,93.6,22.0,2020,8,7,대천2동,0,0.0,0.0,summer,금요일,0
2020-08-08,2.0,24.7,35.8,2.2,94.9,23.7,2020,8,8,대천2동,0,0.0,0.0,summer,토요일,1
2020-08-09,3.0,26.1,65.5,5.9,87.6,23.8,2020,8,9,대천2동,0,0.0,0.0,summer,일요일,1
2020-08-10,0.0,27.2,6.6,2.6,85.0,24.4,2020,8,10,대천2동,0,0.0,0.0,summer,월요일,0
2020-08-11,0.0,24.8,59.8,2.5,95.4,23.9,2020,8,11,대천2동,1,0.0,0.0,summer,화요일,0
2020-08-12,0.0,26.6,4.2,2.5,93.0,25.3,2020,8,12,대천2동,1,0.0,0.0,summer,수요일,0
2020-08-13,1.0,27.8,0.0,3.9,83.4,24.7,2020,8,13,대천2동,1,0.0,0.0,summer,목요일,0
2020-08-14,0.0,27.2,0.0,4.5,86.4,24.6,2020,8,14,대천2동,1,0.0,0.0,summer,금요일,0
2020-08-15,7.0,27.2,0.0,3.6,83.9,24.2,2020,8,15,대천2동,1,0.0,0.0,summer,토요일,1
2020-08-16,12.0,27.4,0.0,3.6,86.5,24.8,2020,8,16,대천2동,0,0.0,0.0,summer,일요일,1
2020-08-17,8.0,27.3,0.0,1.6,84.8,24.3,2020,8,17,대천2동,0,0.0,0.0,summer,월요일,1
2020-08-18,2.0,26.4,0.0,0.7,82.9,23.0,2020,8,18,대천2동,0,0.0,0.0,summer,화요일,0
2020-08-19,2.0,25.9,0.0,1.0,83.4,22.6,2020,8,19,대천2동,0,1.0,1.0,summer,수요일,0
2020-08-20,2.0,26.2,0.0,0.9,82.5,22.7,2020,8,20,대천2동,0,0.0,1.0,summer,목요일,0
2020-08-21,1.0,26.6,0.0,0.9,83.5,23.4,2020,8,21,대천2동,0,0.0,0.0,summer,금요일,0
2020-08-22,2.0,26.4,0.0,1.0,87.3,24.0,2020,8,22,대천2동,1,1.0,1.0,summer,토요일,1
2020-08-23,4.0,26.1,0.0,0.5,78.0,21.6,2020,8,23,대천2동,0,0.0,0.0,summer,일요일,1
2020-08-24,2.0,27.1,0.0,1.2,76.9,22.4,2020,8,24,대천2동,1,0.0,1.0,summer,월요일,0
2020-08-25,2.0,29.4,0.0,1.1,70.6,23.1,2020,8,25,대천2동,1,0.0,1.0,summer,화요일,0
2020-08-26,0.0,29.4,3.9,2.8,67.5,22.6,2020,8,26,대천2동,1,0.0,0.0,summer,수요일,0
2020-08-27,1.0,27.2,13.7,4.6,83.5,24.1,2020,8,27,대천2동,1,0.0,0.0,summer,목요일,0
2020-08-28,0.0,27.7,36.5,1.6,84.9,24.7,2020,8,28,대천2동,1,0.0,0.0,summer,금요일,0
2020-08-29,0.0,25.8,5.7,1.8,92.5,24.4,2020,8,29,대천2동,1,0.0,0.0,summer,토요일,1
2020-08-30,0.0,26.3,0.0,1.3,87.9,24.0,2020,8,30,대천2동,1,0.0,0.0,summer,일요일,1
2020-08-31,0.0,27.3,0.0,0.8,83.5,24.1,2020,8,31,대천2동,1,0.0,0.0,summer,월요일,0
2020-09-01,0.0,26.3,0.3,1.2,81.9,22.8,2020,9,1,대천2동,1,0.0,0.0,fall,화요일,0
2020-09-02,0.0,24.8,26.5,2.8,87.5,22.5,2020,9,2,대천2동,0,0.0,0.0,fall,수요일,0
2020-09-03,0.0,23.3,34.6,3.5,82.0,19.9,2020,9,3,대천2동,1,0.0,0.0,fall,목요일,0
2020-09-04,3.0,23.3,0.0,2.9,81.3,19.7,2020,9,4,대천2동,1,1.0,1.0,fall,금요일,0
2020-09-05,0.0,22.6,0.0,1.0,77.0,18.0,2020,9,5,대천2동,1,1.0,1.0,fall,토요일,1
2020-09-06,1.0,21.2,9.3,2.7,80.9,17.7,2020,9,6,대천2동,1,0.0,0.0,fall,일요일,1
2020-09-07,0.0,19.9,93.0,4.0,91.1,18.3,2020,9,7,대천2동,1,0.0,0.0,fall,월요일,0
2020-09-08,1.0,23.1,0.0,2.7,84.8,20.3,2020,9,8,대천2동,1,1.0,1.0,fall,화요일,0
2020-09-09,3.0,21.7,2.5,1.6,82.6,18.4,2020,9,9,대천2동,1,0.0,0.0,fall,수요일,0
2020-09-10,1.0,22.3,0.0,1.3,85.4,19.6,2020,9,10,대천2동,1,1.0,1.0,fall,목요일,0
2020-09-11,1.0,21.2,8.1,1.2,86.0,18.7,2020,9,11,대천2동,1,1.0,1.0,fall,금요일,0
2020-09-12,3.0,19.5,2.4,3.3,85.6,17.0,2020,9,12,대천2동,1,0.0,0.0,fall,토요일,1
2020-09-13,5.0,21.2,0.0,1.2,76.6,16.6,2020,9,13,대천2동,1,0.0,0.0,fall,일요일,1
2020-09-14,1.0,20.7,0.0,0.6,81.1,17.0,2020,9,14,대천2동,0,0.0,0.0,fall,월요일,0
2020-09-15,0.0,21.5,0.0,0.7,80.6,17.8,2020,9,15,대천2동,1,0.0,0.0,fall,화요일,0
2020-09-16,3.0,21.5,0.3,0.7,86.5,19.0,2020,9,16,대천2동,1,0.0,0.0,fall,수요일,0
2020-09-17,0.0,20.7,0.1,0.1,87.5,18.4,2020,9,17,대천2동,1,0.0,0.0,fall,목요일,0
2020-09-18,1.0,20.1,0.0,0.7,78.1,15.7,2020,9,18,대천2동,1,0.0,0.0,fall,금요일,0
2020-09-19,2.0,19.9,0.0,1.3,85.8,17.2,2020,9,19,대천2동,1,0.0,0.0,fall,토요일,1
2020-09-20,2.0,19.1,0.0,0.3,73.1,13.6,2020,9,20,대천2동,1,0.0,0.0,fall,일요일,1
2020-09-21,1.0,18.2,0.0,0.8,67.5,11.7,2020,9,21,대천2동,1,0.0,0.0,fall,월요일,0
2020-09-22,2.0,19.7,0.0,1.3,62.0,11.9,2020,9,22,대천2동,1,0.0,0.0,fall,화요일,0
2020-09-23,1.0,19.8,0.0,1.9,60.5,11.8,2020,9,23,대천2동,1,0.0,0.0,fall,수요일,0
2020-09-24,1.0,20.7,0.0,1.7,66.3,13.9,2020,9,24,대천2동,1,0.0,0.0,fall,목요일,0
2020-09-25,0.0,20.6,0.0,2.3,64.4,13.5,2020,9,25,대천2동,1,0.0,0.0,fall,금요일,0
2020-09-26,0.0,19.9,0.0,2.6,61.0,11.9,2020,9,26,대천2동,1,0.0,0.0,fall,토요일,1
2020-09-27,0.0,20.1,0.0,1.4,66.5,13.3,2020,9,27,대천2동,1,0.0,0.0,fall,일요일,1
2020-09-28,0.0,18.9,0.0,0.8,75.3,14.1,2020,9,28,대천2동,1,0.0,0.0,fall,월요일,0
2020-09-29,1.0,18.4,0.0,0.6,77.5,14.1,2020,9,29,대천2동,1,1.0,1.0,fall,화요일,0
2020-09-30,1.0,18.8,0.0,0.6,80.6,15.1,2020,9,30,대천2동,1,0.0,0.0,fall,수요일,1
2020-10-01,6.0,18.5,0.0,1.3,78.4,14.4,2020,10,1,대천2동,1,0.0,0.0,fall,목요일,1
2020-10-02,5.0,19.7,1.6,2.1,78.4,15.7,2020,10,2,대천2동,1,0.0,0.0,fall,금요일,1
2020-10-03,3.0,19.2,12.1,0.8,88.1,17.1,2020,10,3,대천2동,1,0.0,1.0,fall,토요일,1
2020-10-04,0.0,17.7,0.5,0.9,76.3,13.2,2020,10,4,대천2동,1,0.0,0.0,fall,일요일,1
2020-10-05,0.0,14.1,0.0,0.7,63.9,6.9,2020,10,5,대천2동,0,0.0,0.0,fall,월요일,0
2020-10-06,3.0,13.9,0.0,0.8,65.1,6.8,2020,10,6,대천2동,0,0.0,0.0,fall,화요일,0
2020-10-07,0.0,16.2,0.0,1.6,53.3,6.1,2020,10,7,대천2동,1,0.0,0.0,fall,수요일,0
2020-10-08,0.0,17.4,0.0,1.9,55.0,7.7,2020,10,8,대천2동,1,0.0,0.0,fall,목요일,0
2020-10-09,0.0,17.9,0.0,1.9,53.5,8.0,2020,10,9,대천2동,1,0.0,0.0,fall,금요일,1
2020-10-10,1.0,17.6,0.0,2.2,57.9,8.9,2020,10,10,대천2동,1,0.0,0.0,fall,토요일,1
2020-10-11,2.0,15.9,0.0,0.4,80.5,12.4,2020,10,11,대천2동,1,0.0,0.0,fall,일요일,1
2020-10-12,0.0,15.9,0.4,0.5,79.1,12.0,2020,10,12,대천2동,0,0.0,0.0,fall,월요일,0
2020-10-13,0.0,12.8,0.0,0.8,63.0,5.3,2020,10,13,대천2동,0,0.0,0.0,fall,화요일,0
2020-10-14,1.0,13.3,0.0,0.7,64.3,6.3,2020,10,14,대천2동,0,0.0,0.0,fall,수요일,0
2020-10-15,0.0,11.3,0.0,1.0,53.3,1.4,2020,10,15,대천2동,0,0.0,0.0,fall,목요일,0
2020-10-16,4.0,12.7,0.0,0.6,62.4,5.3,2020,10,16,대천2동,0,1.0,1.0,fall,금요일,0
2020-10-17,2.0,12.8,1.6,0.6,75.5,8.4,2020,10,17,대천2동,1,1.0,1.0,fall,토요일,1
2020-10-18,1.0,13.0,0.0,0.6,68.8,6.8,2020,10,18,대천2동,1,0.0,0.0,fall,일요일,1
2020-10-19,1.0,14.1,0.0,0.7,76.8,9.7,2020,10,19,대천2동,1,1.0,1.0,fall,월요일,0
2020-10-20,1.0,14.5,0.0,0.7,72.5,8.9,2020,10,20,대천2동,1,1.0,2.0,fall,화요일,0
2020-10-21,0.0,15.3,0.0,0.8,69.6,9.5,2020,10,21,대천2동,1,1.0,1.0,fall,수요일,0
2020-10-22,1.0,14.0,0.0,0.9,68.6,7.8,2020,10,22,대천2동,1,1.0,1.0,fall,목요일,0
2020-10-23,2.0,11.3,0.0,1.3,52.9,1.9,2020,10,23,대천2동,1,0.0,0.0,fall,금요일,0
2020-10-24,2.0,10.2,0.0,0.9,58.5,1.8,2020,10,24,대천2동,0,0.0,0.0,fall,토요일,1
2020-10-25,3.0,12.2,0.0,0.5,68.5,6.0,2020,10,25,대천2동,0,0.0,0.0,fall,일요일,1
2020-10-26,1.0,12.5,0.0,0.6,76.8,8.3,2020,10,26,대천2동,1,1.0,1.0,fall,월요일,0
2020-10-27,0.0,13.3,0.0,0.7,82.3,10.1,2020,10,27,대천2동,1,1.0,1.0,fall,화요일,0
2020-10-28,0.0,13.9,0.0,0.5,63.9,6.3,2020,10,28,대천2동,0,1.0,1.0,fall,수요일,0
2020-10-29,0.0,10.0,0.0,0.5,55.9,1.0,2020,10,29,대천2동,0,0.0,0.0,fall,목요일,0
2020-10-30,0.0,11.5,0.0,0.9,53.0,1.6,2020,10,30,대천2동,0,1.0,1.0,fall,금요일,0
2020-10-31,0.0,13.6,0.0,1.1,60.0,5.4,2020,10,31,대천2동,0,1.0,1.0,fall,토요일,1
2020-11-01,0.0,13.3,6.3,2.6,84.1,10.5,2020,11,1,대천2동,1,0.0,0.0,fall,일요일,1
2020-11-02,0.0,11.0,0.0,0.8,66.3,3.5,2020,11,2,대천2동,0,1.0,0.0,fall,월요일,0
2020-11-03,1.0,7.9,1.9,2.1,54.9,-1.0,2020,11,3,대천2동,0,0.0,0.0,fall,화요일,0
2020-11-04,0.0,6.3,0.0,1.2,54.6,-2.7,2020,11,4,대천2동,1,0.0,0.0,fall,수요일,0
2020-11-05,0.0,9.5,0.0,1.0,64.3,2.9,2020,11,5,대천2동,0,0.0,0.0,fall,목요일,0
2020-11-06,0.0,13.3,0.0,0.8,71.3,8.0,2020,11,6,대천2동,0,1.0,1.0,fall,금요일,0
2020-11-07,0.0,13.2,0.0,0.4,80.3,9.4,2020,11,7,대천2동,1,1.0,1.0,fall,토요일,1
2020-11-08,0.0,9.9,0.0,1.5,55.0,0.7,2020,11,8,대천2동,0,1.0,0.0,fall,일요일,1
2020-11-09,1.0,7.8,0.0,0.8,55.8,-1.1,2020,11,9,대천2동,0,0.0,0.0,fall,월요일,0
2020-11-10,0.0,8.6,0.0,1.2,53.1,-1.0,2020,11,10,대천2동,0,0.0,0.0,fall,화요일,0
2020-11-11,1.0,9.5,0.0,0.8,66.0,2.9,2020,11,11,대천2동,0,1.0,1.0,fall,수요일,0
2020-11-12,0.0,9.9,0.0,0.9,66.9,3.4,2020,11,12,대천2동,0,1.0,2.0,fall,목요일,0
2020-11-13,0.0,10.9,0.0,0.7,83.4,8.0,2020,11,13,대천2동,0,1.0,2.0,fall,금요일,0
2020-11-14,2.0,10.6,0.0,1.2,81.6,7.2,2020,11,14,대천2동,1,1.0,2.0,fall,토요일,1
2020-11-15,1.0,11.4,0.0,0.5,74.4,6.7,2020,11,15,대천2동,1,1.0,2.0,fall,일요일,1
2020-11-16,5.0,11.1,0.0,1.0,76.5,6.8,2020,11,16,대천2동,1,1.0,2.0,fall,월요일,0
2020-11-17,1.0,17.3,0.8,1.2,66.0,10.7,2020,11,17,대천2동,1,1.0,2.0,fall,화요일,0
2020-11-18,1.0,20.4,3.3,2.6,72.1,15.1,2020,11,18,대천2동,1,0.0,0.0,fall,수요일,0
2020-11-19,0.0,15.3,15.9,4.2,83.6,12.4,2020,11,19,대천2동,1,0.0,0.0,fall,목요일,0
2020-11-20,2.0,6.8,0.0,1.6,72.9,2.2,2020,11,20,대천2동,1,0.0,0.0,fall,금요일,0
2020-11-21,3.0,7.3,0.0,1.3,70.0,2.0,2020,11,21,대천2동,0,0.0,1.0,fall,토요일,1
2020-11-22,0.0,8.0,7.2,1.3,78.1,4.2,2020,11,22,대천2동,1,0.0,1.0,fall,일요일,1
2020-11-23,0.0,4.2,0.0,1.7,63.9,-2.2,2020,11,23,대천2동,0,0.0,0.0,fall,월요일,0
2020-11-24,0.0,5.1,0.0,1.6,53.3,-3.9,2020,11,24,대천2동,0,0.0,0.0,fall,화요일,0
2020-11-25,0.0,5.9,0.0,0.8,64.5,-0.6,2020,11,25,대천2동,0,1.0,1.0,fall,수요일,0
2020-11-26,0.0,7.1,0.0,1.3,63.6,0.4,2020,11,26,대천2동,0,1.0,2.0,fall,목요일,0
2020-11-27,0.0,6.2,0.0,1.4,61.4,-0.7,2020,11,27,대천2동,0,1.0,1.0,fall,금요일,0
2020-11-28,0.0,3.5,0.0,2.2,54.6,-4.9,2020,11,28,대천2동,1,0.0,0.0,fall,토요일,1
2020-11-29,0.0,3.1,0.0,1.4,63.4,-3.2,2020,11,29,대천2동,1,0.0,0.0,fall,일요일,1
2020-11-30,0.0,2.2,0.0,1.4,63.8,-4.2,2020,11,30,대천2동,0,0.0,0.0,fall,월요일,0
2020-12-01,0.0,2.1,0.0,1.8,46.5,-9.2,2020,12,1,대천2동,0,0.0,1.0,winter,화요일,0
2020-12-02,0.0,4.2,0.0,1.6,44.8,-7.2,2020,12,2,대천2동,0,0.0,1.0,winter,수요일,0
2020-12-03,0.0,2.1,0.0,1.4,59.8,-5.0,2020,12,3,대천2동,1,0.0,0.0,winter,목요일,0
2020-12-04,0.0,1.6,0.0,1.2,65.1,-4.4,2020,12,4,대천2동,0,0.0,1.0,winter,금요일,0
2020-12-05,1.0,3.7,2.0,0.9,80.6,0.5,2020,12,5,대천2동,0,0.0,1.0,winter,토요일,1
2020-12-06,0.0,4.1,0.0,1.0,74.1,-0.3,2020,12,6,대천2동,0,1.0,1.0,winter,일요일,1
2020-12-07,1.0,5.0,0.0,1.4,66.0,-0.9,2020,12,7,대천2동,0,1.0,2.0,winter,월요일,0
2020-12-08,0.0,1.0,0.0,1.5,63.4,-5.2,2020,12,8,대천2동,1,0.0,1.0,winter,화요일,0
2020-12-09,0.0,2.8,0.0,1.5,51.3,-6.8,2020,12,9,대천2동,0,0.0,1.0,winter,수요일,0
2020-12-10,1.0,6.2,0.0,0.8,67.3,0.4,2020,12,10,대천2동,0,1.0,1.0,winter,목요일,0
2020-12-11,0.0,7.0,0.0,0.5,74.4,2.5,2020,12,11,대천2동,0,1.0,2.0,winter,금요일,0
2020-12-12,1.0,4.4,0.0,1.5,51.6,-4.9,2020,12,12,대천2동,1,1.0,1.0,winter,토요일,1
2020-12-13,1.0,2.3,1.8,2.3,64.5,-4.0,2020,12,13,대천2동,1,1.0,1.0,winter,일요일,1
2020-12-14,0.0,-3.2,0.0,3.3,52.1,-11.8,2020,12,14,대천2동,1,0.0,0.0,winter,월요일,0
2020-12-15,0.0,-4.4,0.1,2.5,58.4,-11.5,2020,12,15,대천2동,0,0.0,0.0,winter,화요일,0
2020-12-16,0.0,-4.1,0.0,2.2,63.8,-10.0,2020,12,16,대천2동,0,0.0,0.0,winter,수요일,0
2020-12-17,1.0,-1.9,0.0,1.2,60.5,-8.6,2020,12,17,대천2동,0,0.0,0.0,winter,목요일,0
2020-12-18,0.0,1.9,0.8,1.7,61.9,-4.8,2020,12,18,대천2동,0,1.0,1.0,winter,금요일,0
2020-12-19,2.0,-2.4,0.0,1.7,48.6,-12.2,2020,12,19,대천2동,0,0.0,0.0,winter,토요일,1
2020-12-20,0.0,-1.5,0.0,1.0,53.5,-10.1,2020,12,20,대천2동,0,0.0,1.0,winter,일요일,1
2020-12-21,0.0,0.6,0.7,1.0,81.1,-2.3,2020,12,21,대천2동,0,1.0,1.0,winter,월요일,0
2020-12-22,0.0,2.0,0.0,0.7,75.6,-2.1,2020,12,22,대천2동,0,1.0,1.0,winter,화요일,0
2020-12-23,0.0,5.4,0.0,2.2,74.3,1.0,2020,12,23,대천2동,1,1.0,2.0,winter,수요일,0
2020-12-24,0.0,5.0,0.0,1.0,59.5,-2.6,2020,12,24,대천2동,1,1.0,2.0,winter,목요일,0
2020-12-25,0.0,1.8,0.0,1.0,62.1,-4.9,2020,12,25,대천2동,1,0.0,0.0,winter,금요일,1
2020-12-26,0.0,3.2,0.0,1.5,74.6,-0.9,2020,12,26,대천2동,0,1.0,1.0,winter,토요일,1
2020-12-27,1.0,5.5,0.0,1.4,70.9,0.3,2020,12,27,대천2동,0,1.0,1.0,winter,일요일,1
2020-12-28,0.0,5.8,0.0,0.8,84.1,3.1,2020,12,28,대천2동,0,1.0,1.0,winter,월요일,0
2020-12-29,0.0,0.7,0.8,2.2,84.9,-1.6,2020,12,29,대천2동,0,1.0,2.0,winter,화요일,0
2020-12-30,0.0,-6.6,1.6,3.8,69.8,-11.2,2020,12,30,대천2동,1,0.0,0.0,winter,수요일,0
2020-12-31,1.0,-6.0,1.9,2.0,73.3,-10.1,2020,12,31,대천2동,0,0.0,0.0,winter,목요일,0
2021-01-01,0.0,-2.8,3.2,0.6,90.4,-4.1,2021,1,1,대천2동,0,0.0,1.0,winter,금요일,1
2021-01-02,0.0,-3.3,0.0,1.4,68.3,-8.5,2021,1,2,대천2동,0,1.0,1.0,winter,토요일,1
2021-01-03,2.0,-3.3,0.0,1.1,62.6,-9.4,2021,1,3,대천2동,1,1.0,1.0,winter,일요일,1
2021-01-04,0.0,-0.7,0.0,1.5,65.3,-6.5,2021,1,4,대천2동,0,1.0,1.0,winter,월요일,0
2021-01-05,1.0,-2.4,0.0,2.4,62.1,-8.7,2021,1,5,대천2동,1,1.0,1.0,winter,화요일,0
2021-01-06,0.0,-4.3,1.7,1.9,67.1,-9.6,2021,1,6,대천2동,1,0.0,0.0,winter,수요일,0
2021-01-07,1.0,-10.5,4.3,3.5,66.4,-15.6,2021,1,7,대천2동,1,0.0,0.0,winter,목요일,0
2021-01-08,0.0,-13.0,0.6,1.8,68.0,-17.8,2021,1,8,대천2동,0,0.0,0.0,winter,금요일,0
2021-01-09,0.0,-10.3,0.2,1.5,59.6,-17.1,2021,1,9,대천2동,0,0.0,0.0,winter,토요일,1
2021-01-10,0.0,-6.2,0.0,1.3,59.6,-13.2,2021,1,10,대천2동,0,0.0,1.0,winter,일요일,1
2021-01-11,0.0,-5.2,0.0,0.8,63.1,-11.3,2021,1,11,대천2동,0,1.0,1.0,winter,월요일,0
2021-01-12,0.0,-1.3,2.1,1.6,78.9,-4.6,2021,1,12,대천2동,0,1.0,2.0,winter,화요일,0
2021-01-13,0.0,3.5,0.0,1.9,80.5,0.3,2021,1,13,대천2동,0,2.0,1.0,winter,수요일,0
2021-01-14,1.0,3.7,0.0,1.1,56.5,-4.6,2021,1,14,대천2동,0,2.0,1.0,winter,목요일,0
2021-01-15,0.0,7.5,0.0,3.3,77.1,3.6,2021,1,15,대천2동,1,1.0,1.0,winter,금요일,0
2021-01-16,5.0,-1.9,0.0,2.0,61.1,-8.4,2021,1,16,대천2동,1,1.0,1.0,winter,토요일,1
2021-01-17,1.0,-2.6,3.7,1.5,67.1,-8.4,2021,1,17,대천2동,1,0.0,0.0,winter,일요일,1
2021-01-18,0.0,-0.2,1.6,1.9,67.3,-5.8,2021,1,18,대천2동,1,1.0,1.0,winter,월요일,0
2021-01-19,0.0,-4.9,0.0,1.5,46.8,-14.9,2021,1,19,대천2동,1,0.0,0.0,winter,화요일,0
2021-01-20,0.0,1.7,0.0,1.6,48.0,-8.5,2021,1,20,대천2동,0,1.0,1.0,winter,수요일,0
2021-01-21,0.0,7.5,9.0,1.4,73.3,2.7,2021,1,21,대천2동,0,0.0,1.0,winter,목요일,0
2021-01-22,0.0,7.4,1.5,1.4,91.5,6.0,2021,1,22,대천2동,0,1.0,1.0,winter,금요일,0
2021-01-23,0.0,9.1,0.0,1.9,73.8,4.3,2021,1,23,대천2동,0,0.0,1.0,winter,토요일,1
2021-01-24,1.0,8.2,0.0,1.7,63.0,1.2,2021,1,24,대천2동,1,0.0,0.0,winter,일요일,1
2021-01-25,1.0,6.8,0.0,1.1,69.0,1.2,2021,1,25,대천2동,1,0.0,1.0,winter,월요일,0
2021-01-26,1.0,5.4,2.7,1.0,84.5,2.9,2021,1,26,대천2동,0,0.0,1.0,winter,화요일,0
2021-01-27,0.0,2.7,0.0,1.8,51.1,-7.8,2021,1,27,대천2동,1,1.0,1.0,winter,수요일,0
2021-01-28,0.0,-1.0,1.4,1.8,64.8,-7.0,2021,1,28,대천2동,1,1.0,1.0,winter,목요일,0
2021-01-29,0.0,-4.9,0.0,2.0,59.4,-11.6,2021,1,29,대천2동,1,0.0,0.0,winter,금요일,0
2021-01-30,2.0,2.7,0.0,1.8,66.8,-2.9,2021,1,30,대천2동,1,1.0,1.0,winter,토요일,1
2021-01-31,2.0,7.1,0.0,2.7,54.5,-1.9,2021,1,31,대천2동,1,1.0,1.0,winter,일요일,1
2021-02-01,3.0,6.4,3.7,2.3,87.3,4.3,2021,2,1,대천2동,1,1.0,2.0,winter,월요일,0
2021-02-02,0.0,-2.3,0.4,2.3,50.9,-11.6,2021,2,2,대천2동,1,0.0,1.0,winter,화요일,0
2021-02-03,0.0,-1.3,2.1,2.5,67.5,-6.8,2021,2,3,대천2동,1,0.0,1.0,winter,수요일,0
2021-02-04,1.0,-0.7,0.2,2.0,53.9,-9.5,2021,2,4,대천2동,1,1.0,1.0,winter,목요일,0
2021-02-05,0.0,2.6,0.0,2.1,60.8,-4.6,2021,2,5,대천2동,1,0.0,0.0,winter,금요일,0
2021-02-06,1.0,7.2,0.0,3.8,83.1,4.4,2021,2,6,대천2동,1,1.0,1.0,winter,토요일,1
2021-02-07,1.0,4.0,0.0,1.0,76.8,-0.1,2021,2,7,대천2동,1,2.0,2.0,winter,일요일,1
2021-02-08,0.0,-1.1,0.0,2.1,47.0,-11.3,2021,2,8,대천2동,1,0.0,1.0,winter,월요일,0
2021-02-09,0.0,-1.0,0.0,0.7,62.4,-7.4,2021,2,9,대천2동,0,0.0,1.0,winter,화요일,0
2021-02-10,0.0,2.4,0.0,1.2,78.1,-1.1,2021,2,10,대천2동,0,0.0,1.0,winter,수요일,0
2021-02-11,0.0,4.5,0.0,0.9,81.5,1.2,2021,2,11,대천2동,1,1.0,2.0,winter,목요일,1
2021-02-12,2.0,5.3,0.0,1.1,73.1,0.3,2021,2,12,대천2동,1,1.0,2.0,winter,금요일,1
2021-02-13,5.0,5.5,0.0,1.1,67.1,-0.6,2021,2,13,대천2동,1,2.0,3.0,winter,토요일,1
2021-02-14,0.0,7.7,1.0,0.6,68.9,2.1,2021,2,14,대천2동,1,2.0,3.0,winter,일요일,1
2021-02-15,0.0,2.0,0.4,1.3,69.5,-3.2,2021,2,15,대천2동,1,1.0,2.0,winter,월요일,0
2021-02-16,0.0,-2.7,8.7,1.8,66.9,-8.1,2021,2,16,대천2동,1,0.0,0.0,winter,화요일,0
2021-02-17,0.0,-5.5,0.9,2.8,64.5,-11.2,2021,2,17,대천2동,1,0.0,0.0,winter,수요일,0
2021-02-18,0.0,-3.4,0.0,2.1,57.8,-10.7,2021,2,18,대천2동,1,1.0,0.0,winter,목요일,0
2021-02-19,0.0,2.8,0.0,3.6,72.6,-1.7,2021,2,19,대천2동,1,1.0,1.0,winter,금요일,0
2021-02-20,2.0,8.9,0.0,3.6,78.3,5.2,2021,2,20,대천2동,1,2.0,2.0,winter,토요일,1
2021-02-21,0.0,12.8,0.0,5.3,57.3,4.4,2021,2,21,대천2동,1,1.0,1.0,winter,일요일,1
2021-02-22,2.0,8.6,0.0,2.6,64.3,2.1,2021,2,22,대천2동,1,1.0,1.0,winter,월요일,0
2021-02-23,1.0,0.6,0.0,1.4,48.9,-9.1,2021,2,23,대천2동,1,1.0,0.0,winter,화요일,0
2021-02-24,0.0,2.7,0.0,1.1,49.0,-7.3,2021,2,24,대천2동,0,1.0,1.0,winter,수요일,0
2021-02-25,2.0,3.7,1.3,1.0,61.4,-3.4,2021,2,25,대천2동,0,1.0,2.0,winter,목요일,0
2021-02-26,0.0,8.8,0.0,2.3,41.4,-5.0,2021,2,26,대천2동,1,1.0,1.0,winter,금요일,0
2021-02-27,0.0,10.0,0.0,2.3,41.3,-2.8,2021,2,27,대천2동,1,0.0,0.0,winter,토요일,1
2021-02-28,0.0,8.1,0.0,1.3,51.0,-1.8,2021,2,28,대천2동,1,0.0,0.0,winter,일요일,1
2021-03-01,0.0,8.5,55.6,2.7,90.4,7.0,2021,3,1,대천2동,1,0.0,0.0,spring,월요일,1
2021-03-02,0.0,2.9,0.0,1.7,77.8,-0.8,2021,3,2,대천2동,1,0.0,0.0,spring,화요일,0
2021-03-03,0.0,3.4,0.0,1.1,72.0,-1.3,2021,3,3,대천2동,0,1.0,1.0,spring,수요일,0
2021-03-04,2.0,7.4,0.0,1.3,65.4,0.9,2021,3,4,대천2동,1,0.0,1.0,spring,목요일,0
2021-03-05,0.0,7.8,0.0,1.1,72.6,2.7,2021,3,5,대천2동,1,1.0,1.0,spring,금요일,0
2021-03-06,2.0,7.6,0.0,1.8,77.1,3.5,2021,3,6,대천2동,1,1.0,1.0,spring,토요일,1
2021-03-07,0.0,6.4,0.0,1.2,74.4,2.0,2021,3,7,대천2동,1,1.0,1.0,spring,일요일,1
2021-03-08,0.0,4.7,0.0,0.7,81.5,1.5,2021,3,8,대천2동,1,1.0,2.0,spring,월요일,0
2021-03-09,1.0,5.2,0.0,0.6,71.6,0.1,2021,3,9,대천2동,1,1.0,2.0,spring,화요일,0
2021-03-10,0.0,5.8,0.0,1.0,77.6,1.8,2021,3,10,대천2동,0,1.0,2.0,spring,수요일,0
2021-03-11,0.0,9.0,0.0,1.2,63.1,1.9,2021,3,11,대천2동,1,1.0,2.0,spring,목요일,0
2021-03-12,1.0,8.2,1.0,1.6,82.3,5.2,2021,3,12,대천2동,1,1.0,2.0,spring,금요일,0
2021-03-13,1.0,7.4,0.0,1.1,76.5,3.3,2021,3,13,대천2동,1,1.0,2.0,spring,토요일,1
2021-03-14,0.0,5.1,0.0,1.0,90.0,3.5,2021,3,14,대천2동,1,1.0,2.0,spring,일요일,1
2021-03-15,0.0,9.5,0.0,1.8,72.5,4.2,2021,3,15,대천2동,1,1.0,2.0,spring,월요일,0
2021-03-16,0.0,7.3,0.4,1.5,64.3,0.2,2021,3,16,대천2동,1,2.0,1.0,spring,화요일,0
2021-03-17,0.0,6.1,0.0,0.6,59.8,-1.5,2021,3,17,대천2동,1,2.0,1.0,spring,수요일,0
2021-03-18,1.0,7.6,0.0,1.0,61.5,0.0,2021,3,18,대천2동,1,1.0,1.0,spring,목요일,0
2021-03-19,0.0,10.6,0.0,0.7,64.5,3.8,2021,3,19,대천2동,1,1.0,1.0,spring,금요일,0
2021-03-20,0.0,7.7,1.6,0.8,85.0,5.2,2021,3,20,대천2동,1,1.0,2.0,spring,토요일,1
2021-03-21,0.0,6.2,0.0,1.4,67.8,0.5,2021,3,21,대천2동,1,1.0,2.0,spring,일요일,1
2021-03-22,1.0,6.1,0.0,1.1,67.8,0.3,2021,3,22,대천2동,1,1.0,1.0,spring,월요일,0
2021-03-23,0.0,8.5,0.0,3.4,76.8,4.4,2021,3,23,대천2동,1,2.0,2.0,spring,화요일,0
2021-03-24,0.0,10.5,0.0,2.9,59.0,2.2,2021,3,24,대천2동,1,1.0,1.0,spring,수요일,0
2021-03-25,0.0,9.0,0.0,1.1,83.8,6.2,2021,3,25,대천2동,1,1.0,1.0,spring,목요일,0
2021-03-26,4.0,9.1,0.0,0.8,76.5,4.7,2021,3,26,대천2동,1,1.0,2.0,spring,금요일,0
2021-03-27,0.0,13.1,16.9,3.0,75.3,8.3,2021,3,27,대천2동,1,1.0,1.0,spring,토요일,1
2021-03-28,1.0,8.7,0.6,3.5,94.4,7.8,2021,3,28,대천2동,1,0.0,1.0,spring,일요일,1
2021-03-29,0.0,9.2,0.0,1.6,85.8,6.7,2021,3,29,대천2동,1,,3.0,spring,월요일,0
2021-03-30,0.0,10.8,0.0,1.3,52.5,0.2,2021,3,30,대천2동,1,3.0,2.0,spring,화요일,0
2021-03-31,0.0,11.8,0.0,1.1,48.9,0.9,2021,3,31,대천2동,1,1.0,1.0,spring,수요일,0
2021-04-01,0.0,15.8,0.0,2.5,36.5,-1.0,2021,4,1,대천2동,1,1.0,1.0,spring,목요일,0
2021-04-02,3.0,18.3,0.0,2.0,38.0,3.5,2021,4,2,대천2동,1,1.0,0.0,spring,금요일,0
2021-04-03,0.0,15.8,22.8,1.4,78.5,11.5,2021,4,3,대천2동,1,0.0,0.0,spring,토요일,1
2021-04-04,0.0,11.0,0.6,2.2,81.3,7.6,2021,4,4,대천2동,1,0.0,0.0,spring,일요일,1
2021-04-05,0.0,11.0,0.0,1.8,52.3,0.3,2021,4,5,대천2동,1,0.0,0.0,spring,월요일,0
2021-04-06,0.0,10.0,0.0,0.8,61.6,2.1,2021,4,6,대천2동,1,1.0,1.0,spring,화요일,0
2021-04-07,0.0,10.5,0.0,0.9,67.4,4.3,2021,4,7,대천2동,1,1.0,2.0,spring,수요일,0
2021-04-08,0.0,10.2,0.0,0.7,60.1,1.9,2021,4,8,대천2동,1,1.0,1.0,spring,목요일,0
2021-04-09,0.0,11.4,0.0,0.8,43.6,-1.0,2021,4,9,대천2동,1,1.0,1.0,spring,금요일,0
2021-04-10,1.0,12.1,0.0,1.1,62.1,4.8,2021,4,10,대천2동,1,1.0,1.0,spring,토요일,1
2021-04-11,1.0,13.4,0.0,1.0,60.4,5.4,2021,4,11,대천2동,1,1.0,1.0,spring,일요일,1
2021-04-12,0.0,13.7,14.2,2.4,74.6,8.6,2021,4,12,대천2동,1,0.0,1.0,spring,월요일,0
2021-04-13,0.0,8.7,0.6,1.5,76.9,4.6,2021,4,13,대천2동,1,0.0,0.0,spring,화요일,0
2021-04-14,0.0,7.6,0.0,0.9,60.8,-0.2,2021,4,14,대천2동,1,0.0,0.0,spring,수요일,0
2021-04-15,1.0,9.0,0.0,1.2,69.3,3.2,2021,4,15,대천2동,1,1.0,1.0,spring,목요일,0
2021-04-16,0.0,11.1,0.0,2.5,74.4,6.3,2021,4,16,대천2동,1,1.0,1.0,spring,금요일,0
2021-04-17,1.0,8.8,0.0,1.2,63.4,1.5,2021,4,17,대천2동,1,2.0,1.0,spring,토요일,1
2021-04-18,0.0,9.2,0.0,1.1,69.4,3.4,2021,4,18,대천2동,1,1.0,1.0,spring,일요일,1
2021-04-19,0.0,10.2,0.0,1.5,71.9,4.7,2021,4,19,대천2동,1,1.0,1.0,spring,월요일,0
2021-04-20,0.0,13.0,0.0,0.8,57.4,3.7,2021,4,20,대천2동,1,1.0,1.0,spring,화요일,0
2021-04-21,2.0,16.3,0.0,1.4,46.4,4.3,2021,4,21,대천2동,1,1.0,1.0,spring,수요일,0
2021-04-22,2.0,20.0,0.0,1.6,36.9,4.2,2021,4,22,대천2동,1,1.0,1.0,spring,목요일,0
2021-04-23,1.0,20.5,0.0,2.9,31.0,2.4,2021,4,23,대천2동,1,1.0,0.0,spring,금요일,0
2021-04-24,0.0,17.7,0.0,1.7,36.4,1.9,2021,4,24,대천2동,1,0.0,0.0,spring,토요일,1
2021-04-25,2.0,15.3,0.0,1.3,67.4,8.9,2021,4,25,대천2동,1,1.0,1.0,spring,일요일,1
2021-04-26,0.0,14.4,0.0,1.0,68.3,8.3,2021,4,26,대천2동,1,1.0,1.0,spring,월요일,0
2021-04-27,1.0,14.3,0.0,1.8,64.0,7.4,2021,4,27,대천2동,1,0.0,0.0,spring,화요일,0
2021-04-28,0.0,13.1,2.0,1.5,83.1,10.1,2021,4,28,대천2동,1,1.0,1.0,spring,수요일,0
2021-04-29,0.0,13.0,3.2,2.2,74.5,8.5,2021,4,29,대천2동,1,1.0,1.0,spring,목요일,0
2021-04-30,1.0,10.8,0.0,1.9,81.0,7.5,2021,4,30,대천2동,1,1.0,1.0,spring,금요일,0
2021-05-01,3.0,10.1,0.3,0.8,79.5,6.6,2021,5,1,대천2동,1,1.0,1.0,spring,토요일,1
2021-05-02,3.0,11.2,0.0,0.9,73.4,6.3,2021,5,2,대천2동,1,0.0,0.0,spring,일요일,1
2021-05-03,1.0,11.7,0.0,1.3,69.8,5.9,2021,5,3,대천2동,1,0.0,0.0,spring,월요일,0
2021-05-04,4.0,17.7,7.0,2.4,70.5,11.9,2021,5,4,대천2동,1,0.0,0.0,spring,화요일,0
2021-05-05,3.0,12.3,0.0,1.2,74.5,7.4,2021,5,5,대천2동,1,1.0,0.0,spring,수요일,1
2021-05-06,0.0,15.7,0.0,2.8,40.5,0.9,2021,5,6,대천2동,1,1.0,1.0,spring,목요일,0
2021-05-07,2.0,14.4,0.3,2.9,60.4,6.0,2021,5,7,대천2동,1,3.0,3.0,spring,금요일,0
2021-05-08,0.0,13.6,0.0,3.4,67.5,6.8,2021,5,8,대천2동,1,3.0,3.0,spring,토요일,1
2021-05-09,0.0,13.4,0.0,1.2,62.1,5.3,2021,5,9,대천2동,1,2.0,1.0,spring,일요일,1
2021-05-10,0.0,12.7,7.1,2.2,77.6,8.7,2021,5,10,대천2동,1,0.0,0.0,spring,월요일,0
2021-05-11,0.0,18.3,2.7,2.0,64.8,11.0,2021,5,11,대천2동,1,0.0,0.0,spring,화요일,0
2021-05-12,0.0,20.8,0.0,1.4,49.0,9.1,2021,5,12,대천2동,1,0.0,0.0,spring,수요일,0
2021-05-13,0.0,19.2,0.0,1.3,70.0,13.3,2021,5,13,대천2동,1,1.0,1.0,spring,목요일,0
2021-05-14,0.0,19.8,0.0,1.1,73.1,14.3,2021,5,14,대천2동,1,1.0,1.0,spring,금요일,0
2021-05-15,1.0,20.8,2.7,1.6,87.8,18.5,2021,5,15,대천2동,1,0.0,1.0,spring,토요일,1
2021-05-16,0.0,18.4,29.3,4.0,96.6,17.8,2021,5,16,대천2동,1,0.0,0.0,spring,일요일,1
2021-05-17,0.0,14.5,1.3,1.1,95.5,13.7,2021,5,17,대천2동,1,0.0,0.0,spring,월요일,0
2021-05-18,0.0,15.9,0.0,0.9,84.1,12.9,2021,5,18,대천2동,1,0.0,1.0,spring,화요일,0
2021-05-19,3.0,19.1,0.0,1.4,62.8,11.1,2021,5,19,대천2동,1,0.0,1.0,spring,수요일,1
2021-05-20,2.0,17.5,5.0,2.1,73.4,12.0,2021,5,20,대천2동,1,0.0,1.0,spring,목요일,0
2021-05-21,0.0,14.2,0.4,0.6,91.9,12.8,2021,5,21,대천2동,1,0.0,0.0,spring,금요일,0
2021-05-22,0.0,16.4,0.0,0.6,74.3,11.2,2021,5,22,대천2동,1,0.0,0.0,spring,토요일,1
2021-05-23,3.0,17.9,0.0,0.9,68.8,11.7,2021,5,23,대천2동,1,1.0,1.0,spring,일요일,1
2021-05-24,0.0,17.1,0.0,0.5,75.6,12.4,2021,5,24,대천2동,1,2.0,2.0,spring,월요일,0
2021-05-25,1.0,15.4,4.1,1.4,80.3,11.7,2021,5,25,대천2동,1,2.0,2.0,spring,화요일,0
2021-05-26,0.0,18.1,0.0,2.7,60.6,9.4,2021,5,26,대천2동,1,1.0,1.0,spring,수요일,0
2021-05-27,1.0,15.6,3.3,2.2,85.5,13.0,2021,5,27,대천2동,1,1.0,1.0,spring,목요일,0
2021-05-28,0.0,16.0,21.3,1.8,81.4,12.6,2021,5,28,대천2동,1,1.0,1.0,spring,금요일,0
2021-05-29,3.0,16.8,0.0,1.5,77.1,12.4,2021,5,29,대천2동,1,1.0,1.0,spring,토요일,1
2021-05-30,1.0,19.1,8.3,1.7,62.6,11.2,2021,5,30,대천2동,1,0.0,1.0,spring,일요일,1
2021-05-31,2.0,19.9,16.9,2.1,52.8,9.4,2021,5,31,대천2동,1,0.0,0.0,spring,월요일,0
2021-06-01,0.0,20.8,0.0,1.3,59.5,12.3,2021,6,1,대천2동,1,1.0,1.0,summer,화요일,0
2021-06-02,0.0,22.9,0.0,1.5,59.8,13.8,2021,6,2,대천2동,1,1.0,1.0,summer,수요일,0
2021-06-03,0.0,19.2,18.2,0.9,82.0,15.8,2021,6,3,대천2동,1,0.0,0.0,summer,목요일,0
2021-06-04,0.0,17.5,0.0,2.8,81.5,14.1,2021,6,4,대천2동,1,0.0,0.0,summer,금요일,0
2021-06-05,1.0,20.0,0.0,5.3,77.8,15.9,2021,6,5,대천2동,2,1.0,2.0,summer,토요일,1
2021-06-06,2.0,21.5,0.0,3.9,69.0,15.4,2021,6,6,대천2동,1,1.0,1.0,summer,일요일,1
2021-06-07,1.0,21.6,0.0,2.3,60.4,12.8,2021,6,7,대천2동,1,0.0,0.0,summer,월요일,0
2021-06-08,0.0,22.0,0.0,1.0,78.0,17.7,2021,6,8,대천2동,1,0.0,1.0,summer,화요일,0
2021-06-09,0.0,24.5,0.0,1.1,70.5,18.3,2021,6,9,대천2동,1,1.0,1.0,summer,수요일,0
2021-06-10,0.0,24.6,17.3,2.3,64.8,17.1,2021,6,10,대천2동,1,1.0,1.0,summer,목요일,0
2021-06-11,0.0,21.2,3.8,1.9,87.5,18.9,2021,6,11,대천2동,1,0.0,0.0,summer,금요일,0
2021-06-12,1.0,22.4,0.0,1.1,81.6,18.8,2021,6,12,대천2동,1,1.0,1.0,summer,토요일,1
2021-06-13,0.0,18.8,0.0,1.2,90.0,17.0,2021,6,13,대천2동,1,0.0,0.0,summer,일요일,1
2021-06-14,0.0,19.3,0.0,1.0,91.8,17.8,2021,6,14,대천2동,1,0.0,1.0,summer,월요일,0
2021-06-15,0.0,21.9,5.0,1.2,81.1,18.4,2021,6,15,대천2동,1,0.0,1.0,summer,화요일,0
2021-06-16,1.0,24.7,0.0,2.6,58.1,15.8,2021,6,16,대천2동,1,0.0,0.0,summer,수요일,0
2021-06-17,0.0,21.3,0.5,1.2,79.1,17.2,2021,6,17,대천2동,1,0.0,0.0,summer,목요일,0
2021-06-18,1.0,19.4,7.7,1.6,97.8,18.9,2021,6,18,대천2동,1,0.0,0.0,summer,금요일,0
2021-06-19,0.0,20.3,0.0,1.2,86.3,17.7,2021,6,19,대천2동,1,1.0,1.0,summer,토요일,1
2021-06-20,1.0,21.9,0.0,2.6,78.4,17.5,2021,6,20,대천2동,1,1.0,1.0,summer,일요일,1
2021-06-21,2.0,21.2,0.0,0.9,79.3,17.1,2021,6,21,대천2동,1,1.0,2.0,summer,월요일,0
2021-06-22,1.0,21.7,0.0,1.3,70.6,15.9,2021,6,22,대천2동,1,1.0,1.0,summer,화요일,0
2021-06-23,0.0,21.7,1.9,1.0,80.1,17.9,2021,6,23,대천2동,1,1.0,1.0,summer,수요일,0
2021-06-24,1.0,21.5,0.0,1.2,82.0,18.0,2021,6,24,대천2동,1,1.0,1.0,summer,목요일,0
2021-06-25,0.0,22.8,0.0,0.9,75.4,17.9,2021,6,25,대천2동,1,1.0,1.0,summer,금요일,0
2021-06-26,4.0,23.4,0.6,0.9,78.6,19.1,2021,6,26,대천2동,1,0.0,1.0,summer,토요일,1
2021-06-27,3.0,23.6,0.0,1.0,74.1,18.4,2021,6,27,대천2동,1,0.0,1.0,summer,일요일,1
2021-06-28,0.0,23.5,0.0,0.6,79.9,19.6,2021,6,28,대천2동,1,1.0,1.0,summer,월요일,0
2021-06-29,0.0,23.0,0.0,1.0,84.6,20.1,2021,6,29,대천2동,1,1.0,2.0,summer,화요일,0
2021-06-30,1.0,23.3,0.0,0.7,81.0,19.6,2021,6,30,대천2동,1,1.0,2.0,summer,수요일,0
2021-07-01,2.0,25.4,0.0,1.0,75.1,20.4,2021,7,1,대천2동,1,1.0,2.0,summer,목요일,0
2021-07-02,0.0,25.5,0.0,0.9,80.0,21.6,2021,7,2,대천2동,1,1.0,2.0,summer,금요일,0
2021-07-03,1.0,24.3,36.5,3.0,78.5,20.1,2021,7,3,대천2동,1,0.0,1.0,summer,토요일,1
2021-07-04,0.0,21.7,2.1,5.2,94.8,20.8,2021,7,4,대천2동,1,0.0,0.0,summer,일요일,1
2021-07-05,0.0,22.0,1.8,1.3,87.4,19.7,2021,7,5,대천2동,1,0.0,0.0,summer,월요일,0
2021-07-06,1.0,23.5,7.6,1.4,91.8,21.9,2021,7,6,대천2동,1,0.0,0.0,summer,화요일,0
2021-07-07,0.0,24.4,27.6,1.4,94.4,23.4,2021,7,7,대천2동,1,0.0,0.0,summer,수요일,0
2021-07-08,0.0,24.1,8.0,1.0,90.1,22.2,2021,7,8,대천2동,1,0.0,0.0,summer,목요일,0
2021-07-09,0.0,24.5,0.7,1.1,87.0,22.0,2021,7,9,대천2동,1,0.0,0.0,summer,금요일,0
2021-07-10,2.0,25.2,0.0,2.5,87.8,22.9,2021,7,10,대천2동,1,1.0,1.0,summer,토요일,1
2021-07-11,0.0,25.4,1.6,2.2,89.1,23.4,2021,7,11,대천2동,1,0.0,0.0,summer,일요일,1
2021-07-12,0.0,27.3,0.0,1.3,83.3,24.0,2021,7,12,대천2동,1,0.0,0.0,summer,월요일,0
2021-07-13,0.0,27.8,0.0,1.5,73.9,22.6,2021,7,13,대천2동,1,0.0,0.0,summer,화요일,0
2021-07-14,1.0,28.3,0.0,2.0,75.1,23.2,2021,7,14,대천2동,1,0.0,0.0,summer,수요일,0
2021-07-15,2.0,27.8,0.0,0.8,72.5,22.0,2021,7,15,대천2동,1,0.0,0.0,summer,목요일,0
2021-07-16,3.0,26.7,20.8,0.9,82.4,23.2,2021,7,16,대천2동,1,0.0,1.0,summer,금요일,0
2021-07-17,0.0,25.4,4.7,1.1,83.8,22.2,2021,7,17,대천2동,1,0.0,0.0,summer,토요일,1
2021-07-18,1.0,26.0,14.1,0.9,81.6,22.1,2021,7,18,대천2동,1,0.0,0.0,summer,일요일,1
2021-07-19,1.0,26.1,5.8,0.9,83.0,22.7,2021,7,19,대천2동,1,0.0,0.0,summer,월요일,0
2021-07-20,0.0,27.5,0.0,0.5,81.0,23.6,2021,7,20,대천2동,1,0.0,0.0,summer,화요일,0
2021-07-21,0.0,29.1,0.0,1.0,66.5,21.7,2021,7,21,대천2동,1,0.0,0.0,summer,수요일,0
2021-07-22,0.0,28.6,0.0,1.1,62.6,20.4,2021,7,22,대천2동,1,0.0,0.0,summer,목요일,0
2021-07-23,0.0,28.6,0.0,0.6,67.9,21.9,2021,7,23,대천2동,1,0.0,1.0,summer,금요일,0
2021-07-24,3.0,29.1,0.0,0.8,68.6,22.4,2021,7,24,대천2동,1,0.0,1.0,summer,토요일,1
2021-07-25,2.0,29.1,0.0,0.9,67.0,21.9,2021,7,25,대천2동,1,0.0,1.0,summer,일요일,1
2021-07-26,2.0,28.4,0.0,1.0,68.3,21.7,2021,7,26,대천2동,1,0.0,0.0,summer,월요일,0
2021-07-27,2.0,27.8,0.0,0.9,71.4,21.8,2021,7,27,대천2동,1,0.0,1.0,summer,화요일,0
2021-07-28,0.0,27.8,0.0,0.8,77.1,23.3,2021,7,28,대천2동,1,1.0,1.0,summer,수요일,0
2021-07-29,1.0,27.5,0.0,0.7,75.5,22.4,2021,7,29,대천2동,1,0.0,1.0,summer,목요일,0
2021-07-30,1.0,28.1,0.0,1.8,74.1,22.8,2021,7,30,대천2동,1,0.0,0.0,summer,금요일,0
2021-07-31,1.0,27.7,0.0,1.7,78.3,23.4,2021,7,31,대천2동,1,0.0,0.0,summer,토요일,1
2021-08-01,0.0,25.5,29.7,0.9,90.9,23.8,2021,8,1,대천2동,1,0.0,1.0,summer,일요일,1
2021-08-02,2.0,25.0,2.0,0.2,91.8,23.4,2021,8,2,대천2동,1,0.0,0.0,summer,월요일,0
2021-08-03,5.0,27.3,0.5,1.3,79.4,23.2,2021,8,3,대천2동,0,0.0,0.0,summer,화요일,0
2021-08-04,2.0,27.6,0.0,1.2,73.6,22.1,2021,8,4,대천2동,0,0.0,0.0,summer,수요일,0
2021-08-05,2.0,28.3,0.0,1.1,71.9,22.5,2021,8,5,대천2동,1,0.0,0.0,summer,목요일,0
2021-08-06,1.0,27.6,0.0,1.3,72.5,21.9,2021,8,6,대천2동,1,0.0,0.0,summer,금요일,0
2021-08-07,3.0,26.3,0.0,0.9,73.9,21.1,2021,8,7,대천2동,1,0.0,0.0,summer,토요일,1
2021-08-08,3.0,27.0,0.0,1.7,75.0,22.0,2021,8,8,대천2동,1,0.0,1.0,summer,일요일,1
2021-08-09,2.0,27.4,0.0,1.5,70.8,21.3,2021,8,9,대천2동,1,0.0,0.0,summer,월요일,0
2021-08-10,1.0,26.4,0.0,1.1,79.9,22.5,2021,8,10,대천2동,1,0.0,0.0,summer,화요일,0
2021-08-11,2.0,26.9,0.0,1.0,73.9,21.6,2021,8,11,대천2동,1,1.0,1.0,summer,수요일,0
2021-08-12,0.0,26.8,0.0,0.9,74.0,21.6,2021,8,12,대천2동,1,1.0,1.0,summer,목요일,0
2021-08-13,0.0,26.0,0.0,1.2,74.6,21.0,2021,8,13,대천2동,1,0.0,1.0,summer,금요일,0
2021-08-14,0.0,26.2,0.0,1.2,67.6,19.5,2021,8,14,대천2동,1,0.0,0.0,summer,토요일,1
2021-08-15,2.0,26.2,0.0,1.1,66.3,19.1,2021,8,15,대천2동,1,0.0,0.0,summer,일요일,1
2021-08-16,0.0,26.6,0.0,1.4,62.4,18.5,2021,8,16,대천2동,1,0.0,0.0,summer,월요일,1
2021-08-17,1.0,26.5,0.0,2.4,57.3,17.1,2021,8,17,대천2동,1,0.0,0.0,summer,화요일,0
2021-08-18,1.0,24.5,0.0,1.3,68.8,18.1,2021,8,18,대천2동,1,0.0,0.0,summer,수요일,0
2021-08-19,1.0,24.5,0.7,1.0,72.9,19.0,2021,8,19,대천2동,1,0.0,0.0,summer,목요일,0
2021-08-20,0.0,26.3,0.0,1.7,68.9,19.8,2021,8,20,대천2동,1,0.0,0.0,summer,금요일,0
2021-08-21,4.0,25.0,30.7,2.9,81.6,21.5,2021,8,21,대천2동,1,0.0,0.0,summer,토요일,1
2021-08-22,3.0,25.2,0.0,1.5,85.1,22.4,2021,8,22,대천2동,1,0.0,0.0,summer,일요일,1
2021-08-23,0.0,22.9,95.0,2.1,90.3,21.2,2021,8,23,대천2동,1,0.0,0.0,summer,월요일,0
2021-08-24,2.0,25.4,7.5,3.6,85.8,22.7,2021,8,24,대천2동,1,0.0,0.0,summer,화요일,0
2021-08-25,0.0,23.8,38.2,1.2,94.4,22.7,2021,8,25,대천2동,1,0.0,0.0,summer,수요일,0
2021-08-26,0.0,24.9,0.0,2.0,88.6,22.8,2021,8,26,대천2동,1,1.0,0.0,summer,목요일,0
2021-08-27,0.0,21.3,18.0,1.4,93.5,20.1,2021,8,27,대천2동,1,0.0,1.0,summer,금요일,0
2021-08-28,1.0,22.4,1.7,0.6,87.0,20.0,2021,8,28,대천2동,1,1.0,1.0,summer,토요일,1
2021-08-29,1.0,22.4,24.4,1.9,79.8,18.4,2021,8,29,대천2동,1,0.0,0.0,summer,일요일,1
2021-08-30,0.0,22.8,0.1,0.8,84.8,20.0,2021,8,30,대천2동,1,0.0,1.0,summer,월요일,0
2021-08-31,1.0,24.8,5.2,1.9,81.9,21.3,2021,8,31,대천2동,1,0.0,1.0,summer,화요일,0
2021-09-01,0.0,23.1,72.5,2.1,90.3,21.3,2021,9,1,대천2동,1,0.0,0.0,fall,수요일,0
2021-09-02,1.0,22.9,0.0,1.3,81.9,19.4,2021,9,2,대천2동,1,0.0,0.0,fall,목요일,0
2021-09-03,1.0,23.8,0.0,1.1,70.5,17.7,2021,9,3,대천2동,1,0.0,0.0,fall,금요일,0
2021-09-04,1.0,23.1,0.0,0.9,70.0,17.2,2021,9,4,대천2동,1,0.0,0.0,fall,토요일,1
2021-09-05,1.0,22.1,0.3,1.2,73.3,16.8,2021,9,5,대천2동,1,0.0,0.0,fall,일요일,1
2021-09-06,0.0,21.3,48.1,1.4,79.9,17.6,2021,9,6,대천2동,1,0.0,0.0,fall,월요일,0
2021-09-07,0.0,22.4,1.7,2.5,82.9,19.2,2021,9,7,대천2동,1,0.0,0.0,fall,화요일,0
2021-09-08,0.0,22.0,0.6,0.7,82.8,18.7,2021,9,8,대천2동,1,0.0,0.0,fall,수요일,0
2021-09-09,0.0,21.6,0.0,0.8,84.0,18.6,2021,9,9,대천2동,1,0.0,0.0,fall,목요일,0
2021-09-10,0.0,22.7,0.0,1.5,84.5,19.8,2021,9,10,대천2동,1,0.0,0.0,fall,금요일,0
2021-09-11,2.0,23.1,0.0,1.0,81.8,19.6,2021,9,11,대천2동,1,0.0,0.0,fall,토요일,1
2021-09-12,1.0,23.8,0.0,1.1,78.6,19.5,2021,9,12,대천2동,1,0.0,1.0,fall,일요일,1
2021-09-13,0.0,24.5,0.0,1.4,67.5,17.8,2021,9,13,대천2동,1,0.0,1.0,fall,월요일,0
2021-09-14,1.0,23.5,0.0,3.3,60.5,15.3,2021,9,14,대천2동,1,0.0,0.0,fall,화요일,0
2021-09-15,0.0,24.4,0.0,3.0,52.4,13.8,2021,9,15,대천2동,1,0.0,0.0,fall,수요일,0
2021-09-16,0.0,23.2,0.0,2.2,61.0,15.0,2021,9,16,대천2동,1,0.0,0.0,fall,목요일,0
2021-09-17,0.0,21.6,4.1,2.5,78.8,17.5,2021,9,17,대천2동,1,0.0,0.0,fall,금요일,0
2021-09-18,2.0,22.4,0.0,1.1,68.8,16.0,2021,9,18,대천2동,1,0.0,0.0,fall,토요일,1
2021-09-19,2.0,23.1,0.0,0.8,76.8,18.6,2021,9,19,대천2동,1,0.0,0.0,fall,일요일,1
2021-09-20,1.0,24.8,0.0,2.1,60.8,16.5,2021,9,20,대천2동,1,0.0,0.0,fall,월요일,1
2021-09-21,0.0,22.7,46.8,3.7,84.8,19.9,2021,9,21,대천2동,1,0.0,0.0,fall,화요일,1
2021-09-22,0.0,21.9,9.5,1.7,81.5,18.3,2021,9,22,대천2동,1,0.0,0.0,fall,수요일,1
2021-09-23,1.0,20.8,0.0,0.7,70.8,14.6,2021,9,23,대천2동,1,0.0,0.0,fall,목요일,0
2021-09-24,2.0,20.9,0.0,1.1,72.5,15.4,2021,9,24,대천2동,1,0.0,0.0,fall,금요일,0
2021-09-25,1.0,22.2,0.0,1.9,66.1,15.5,2021,9,25,대천2동,1,0.0,0.0,fall,토요일,1
2021-09-26,2.0,22.3,0.0,1.3,63.5,14.9,2021,9,26,대천2동,1,0.0,0.0,fall,일요일,1
2021-09-27,0.0,22.0,0.0,0.8,71.1,16.3,2021,9,27,대천2동,1,0.0,0.0,fall,월요일,0
2021-09-28,1.0,21.5,0.1,1.2,79.0,17.5,2021,9,28,대천2동,1,0.0,0.0,fall,화요일,0
2021-09-29,1.0,21.3,32.2,1.4,92.4,19.9,2021,9,29,대천2동,1,0.0,0.0,fall,수요일,0
2021-09-30,1.0,20.7,0.0,1.4,80.6,17.0,2021,9,30,대천2동,1,0.0,0.0,fall,목요일,0
2021-10-01,0.0,20.6,0.1,1.2,81.1,16.9,2021,10,1,대천2동,1,1.0,1.0,fall,금요일,0
2021-10-02,0.0,20.3,1.0,1.2,82.6,17.1,2021,10,2,대천2동,1,0.0,0.0,fall,토요일,1
2021-10-03,4.0,24.1,0.0,1.9,63.8,16.1,2021,10,3,대천2동,1,1.0,1.0,fall,일요일,1
2021-10-04,0.0,24.6,0.0,4.4,75.9,20.0,2021,10,4,대천2동,1,1.0,1.0,fall,월요일,1
2021-10-05,0.0,23.5,0.0,2.1,78.9,19.4,2021,10,5,대천2동,1,1.0,0.0,fall,화요일,0
2021-10-06,3.0,22.3,0.0,0.4,84.1,19.2,2021,10,6,대천2동,1,1.0,1.0,fall,수요일,0
2021-10-07,0.0,20.2,11.2,0.6,91.9,18.8,2021,10,7,대천2동,1,0.0,0.0,fall,목요일,0
2021-10-08,0.0,19.9,0.0,1.1,86.1,17.4,2021,10,8,대천2동,1,0.0,0.0,fall,금요일,0
2021-10-09,2.0,23.1,0.1,0.8,77.3,18.6,2021,10,9,대천2동,1,0.0,0.0,fall,토요일,1
2021-10-10,2.0,21.1,2.9,2.2,84.3,18.1,2021,10,10,대천2동,1,0.0,0.0,fall,일요일,1
2021-10-11,0.0,15.8,3.5,1.3,77.8,11.6,2021,10,11,대천2동,1,0.0,0.0,fall,월요일,1
2021-10-12,1.0,17.4,0.0,2.2,77.6,13.4,2021,10,12,대천2동,1,0.0,0.0,fall,화요일,0
2021-10-13,1.0,19.7,0.0,1.1,74.6,14.9,2021,10,13,대천2동,1,0.0,0.0,fall,수요일,0
2021-10-14,1.0,19.2,0.0,0.6,81.6,15.8,2021,10,14,대천2동,1,0.0,0.0,fall,목요일,0
2021-10-15,2.0,18.2,4.6,0.7,85.6,15.6,2021,10,15,대천2동,1,1.0,1.0,fall,금요일,0
2021-10-16,2.0,12.1,2.1,3.1,60.1,4.3,2021,10,16,대천2동,1,0.0,0.0,fall,토요일,1
2021-10-17,1.0,6.8,0.0,2.0,54.1,-2.3,2021,10,17,대천2동,1,0.0,0.0,fall,일요일,1
2021-10-18,0.0,10.5,0.0,0.8,62.5,3.3,2021,10,18,대천2동,1,0.0,0.0,fall,월요일,0
2021-10-19,2.0,11.6,14.1,1.2,75.3,7.1,2021,10,19,대천2동,1,0.0,0.0,fall,화요일,0
2021-10-20,0.0,9.5,0.0,0.9,70.4,3.8,2021,10,20,대천2동,1,0.0,0.0,fall,수요일,0
2021-10-21,1.0,10.0,0.0,1.3,65.5,3.3,2021,10,21,대천2동,1,0.0,0.0,fall,목요일,0
2021-10-22,0.0,10.5,0.0,1.4,60.8,2.4,2021,10,22,대천2동,1,1.0,1.0,fall,금요일,0
2021-10-23,1.0,11.6,0.0,0.9,63.6,4.3,2021,10,23,대천2동,1,1.0,1.0,fall,토요일,1
2021-10-24,0.0,12.3,0.0,1.1,68.5,6.3,2021,10,24,대천2동,1,0.0,1.0,fall,일요일,1
2021-10-25,0.0,12.1,0.0,1.3,70.3,6.4,2021,10,25,대천2동,1,1.0,1.0,fall,월요일,0
2021-10-26,0.0,13.1,0.0,0.7,77.1,8.9,2021,10,26,대천2동,1,1.0,1.0,fall,화요일,0
2021-10-27,1.0,13.5,0.0,0.8,68.8,7.1,2021,10,27,대천2동,1,1.0,1.0,fall,수요일,0
2021-10-28,1.0,12.2,0.0,1.3,63.1,4.7,2021,10,28,대천2동,1,1.0,1.0,fall,목요일,0
2021-10-29,0.0,15.6,0.0,1.4,54.0,5.9,2021,10,29,대천2동,1,0.0,0.0,fall,금요일,0
2021-10-30,0.0,14.0,0.0,1.1,66.3,7.3,2021,10,30,대천2동,1,0.0,0.0,fall,토요일,1
2021-10-31,3.0,14.3,0.0,0.9,77.6,10.1,2021,10,31,대천2동,1,0.0,0.0,fall,일요일,1
2021-11-01,0.0,13.1,0.0,0.6,77.6,9.0,2021,11,1,대천2동,1,1.0,1.0,fall,월요일,0
2021-11-02,0.0,12.1,0.0,0.8,70.3,6.4,2021,11,2,대천2동,1,0.0,1.0,fall,화요일,0
2021-11-03,0.0,11.8,0.0,0.7,72.9,6.6,2021,11,3,대천2동,1,1.0,1.0,fall,수요일,0
2021-11-04,1.0,13.2,7.5,1.0,82.8,10.0,2021,11,4,대천2동,1,1.0,1.0,fall,목요일,0
2021-11-05,1.0,13.5,0.0,1.3,66.6,6.3,2021,11,5,대천2동,1,1.0,1.0,fall,금요일,0
2021-11-06,0.0,14.8,0.0,1.7,59.0,6.0,2021,11,6,대천2동,1,1.0,1.0,fall,토요일,1
2021-11-07,2.0,17.3,0.0,1.8,53.5,7.5,2021,11,7,대천2동,1,0.0,0.0,fall,일요일,1
2021-11-08,0.0,11.2,37.9,2.1,67.5,5.1,2021,11,8,대천2동,1,0.0,0.0,fall,월요일,0
2021-11-09,0.0,9.3,4.2,2.2,62.4,2.1,2021,11,9,대천2동,1,0.0,0.0,fall,화요일,0
2021-11-10,0.0,7.3,14.8,1.1,81.1,4.0,2021,11,10,대천2동,1,0.0,0.0,fall,수요일,0
2021-11-11,1.0,7.6,3.4,1.4,69.9,2.1,2021,11,11,대천2동,1,0.0,0.0,fall,목요일,0
2021-11-12,0.0,6.3,6.4,0.8,78.3,2.7,2021,11,12,대천2동,0,0.0,0.0,fall,금요일,0
2021-11-13,2.0,9.0,0.0,1.2,71.1,3.7,2021,11,13,대천2동,0,0.0,0.0,fall,토요일,1
2021-11-14,0.0,12.4,0.0,1.6,69.1,6.4,2021,11,14,대천2동,1,1.0,1.0,fall,일요일,1
2021-11-15,2.0,10.4,0.0,1.0,78.9,6.6,2021,11,15,대천2동,0,1.0,1.0,fall,월요일,0
2021-11-16,0.0,9.0,0.0,1.0,71.1,3.4,2021,11,16,대천2동,0,1.0,1.0,fall,화요일,0
2021-11-17,0.0,8.6,0.0,0.8,74.0,3.9,2021,11,17,대천2동,1,0.0,1.0,fall,수요일,0
2021-11-18,1.0,11.9,0.0,3.0,79.3,8.3,2021,11,18,대천2동,1,1.0,1.0,fall,목요일,0
2021-11-19,0.0,13.1,0.0,1.6,87.3,10.9,2021,11,19,대천2동,1,1.0,2.0,fall,금요일,0
2021-11-20,1.0,9.8,0.0,0.8,93.6,8.7,2021,11,20,대천2동,1,2.0,3.0,fall,토요일,1
2021-11-21,0.0,10.7,0.4,0.8,82.0,7.6,2021,11,21,대천2동,1,2.0,3.0,fall,일요일,1
2021-11-22,0.0,5.9,6.5,2.0,71.0,0.8,2021,11,22,대천2동,1,1.0,1.0,fall,월요일,0
2021-11-23,0.0,2.8,4.4,1.5,83.1,0.2,2021,11,23,대천2동,1,0.0,0.0,fall,화요일,0
2021-11-24,0.0,8.2,0.5,1.7,62.6,0.6,2021,11,24,대천2동,1,0.0,0.0,fall,수요일,0
2021-11-25,0.0,10.0,0.0,1.1,62.7,3.0,2021,11,25,대천2동,1,1.0,1.0,fall,목요일,0
2021-11-26,1.0,5.6,0.0,0.9,64.0,-1.1,2021,11,26,대천2동,0,0.0,1.0,fall,금요일,0
2021-11-27,1.0,4.4,0.0,1.1,60.9,-2.8,2021,11,27,대천2동,0,0.0,1.0,fall,토요일,1
2021-11-28,1.0,5.6,0.0,1.3,63.1,-1.3,2021,11,28,대천2동,0,1.0,1.0,fall,일요일,1
2021-11-29,1.0,8.9,0.0,1.2,68.6,3.1,2021,11,29,대천2동,0,0.0,1.0,fall,월요일,0
2021-11-30,1.0,8.8,31.8,2.0,75.1,4.4,2021,11,30,대천2동,1,0.0,0.0,fall,화요일,0
2021-12-01,2.0,2.0,0.1,3.1,57.9,-5.5,2021,12,1,대천2동,1,0.0,0.0,winter,수요일,0
2021-12-02,0.0,4.5,0.1,2.1,63.9,-1.9,2021,12,2,대천2동,0,0.0,0.0,winter,목요일,0
2021-12-03,1.0,5.6,0.6,1.8,55.8,-2.7,2021,12,3,대천2동,1,0.0,1.0,winter,금요일,0
2021-12-04,2.0,2.3,0.0,1.0,71.0,-2.5,2021,12,4,대천2동,0,0.0,0.0,winter,토요일,1
2021-12-05,2.0,2.8,0.0,1.1,63.6,-3.7,2021,12,5,대천2동,0,0.0,1.0,winter,일요일,1
2021-12-06,1.0,5.5,0.0,1.0,59.8,-2.0,2021,12,6,대천2동,0,1.0,1.0,winter,월요일,0
2021-12-07,0.0,6.4,0.0,1.1,69.3,0.9,2021,12,7,대천2동,0,1.0,2.0,winter,화요일,0
2021-12-08,0.0,7.3,0.0,1.1,71.6,2.2,2021,12,8,대천2동,0,1.0,2.0,winter,수요일,0
2021-12-09,0.0,8.5,0.0,0.9,61.1,1.1,2021,12,9,대천2동,0,1.0,1.0,winter,목요일,0
2021-12-10,1.0,8.7,3.4,0.9,83.1,5.8,2021,12,10,대천2동,0,1.0,1.0,winter,금요일,0
2021-12-11,2.0,7.3,0.0,0.6,80.9,4.1,2021,12,11,대천2동,0,1.0,2.0,winter,토요일,1
2021-12-12,1.0,4.0,0.0,1.8,64.0,-2.6,2021,12,12,대천2동,0,1.0,1.0,winter,일요일,1
2021-12-13,0.0,-0.6,0.0,1.5,55.8,-8.8,2021,12,13,대천2동,0,0.0,0.0,winter,월요일,0
2021-12-14,2.0,6.2,0.0,2.3,65.3,0.1,2021,12,14,대천2동,1,0.0,0.0,winter,화요일,0
2021-12-15,0.0,8.5,0.0,2.1,80.4,5.2,2021,12,15,대천2동,1,1.0,2.0,winter,수요일,0
2021-12-16,1.0,7.2,0.0,0.8,74.1,2.7,2021,12,16,대천2동,0,2.0,2.0,winter,목요일,0
2021-12-17,0.0,-1.9,3.5,3.5,65.8,-7.6,2021,12,17,대천2동,1,1.0,1.0,winter,금요일,0
2021-12-18,0.0,-2.7,1.2,1.8,69.0,-7.8,2021,12,18,대천2동,1,0.0,0.0,winter,토요일,1
2021-12-19,0.0,3.8,0.9,1.3,63.3,-2.7,2021,12,19,대천2동,1,1.0,0.0,winter,일요일,1
2021-12-20,0.0,9.5,0.0,2.7,69.5,3.9,2021,12,20,대천2동,1,1.0,1.0,winter,월요일,0
2021-12-21,0.0,6.8,0.0,0.7,74.9,2.4,2021,12,21,대천2동,1,1.0,2.0,winter,화요일,0
2021-12-22,0.0,2.9,0.0,1.0,52.8,-6.4,2021,12,22,대천2동,0,1.0,1.0,winter,수요일,0
2021-12-23,0.0,3.5,0.0,1.1,53.0,-5.7,2021,12,23,대천2동,0,1.0,1.0,winter,목요일,0
2021-12-24,2.0,2.3,0.0,2.1,63.6,-3.9,2021,12,24,대천2동,0,1.0,2.0,winter,금요일,0
2021-12-25,1.0,-6.5,0.0,3.9,63.9,-12.3,2021,12,25,대천2동,1,0.0,0.0,winter,토요일,1
2021-12-26,0.0,-7.2,0.0,2.7,62.1,-13.3,2021,12,26,대천2동,1,0.0,0.0,winter,일요일,1
2021-12-27,1.0,-3.2,2.1,1.7,72.5,-7.6,2021,12,27,대천2동,0,0.0,0.0,winter,월요일,0
2021-12-28,0.0,1.9,0.0,1.3,74.5,-2.3,2021,12,28,대천2동,0,1.0,1.0,winter,화요일,0
2021-12-29,1.0,4.9,0.0,1.3,61.8,-2.0,2021,12,29,대천2동,1,1.0,1.0,winter,수요일,0
2021-12-30,0.0,-0.6,2.5,1.9,62.8,-7.2,2021,12,30,대천2동,1,0.0,0.0,winter,목요일,0
2021-12-31,1.0,-4.0,0.0,1.9,59.3,-10.8,2021,12,31,대천2동,1,0.0,0.0,winter,금요일,0
2022-01-01,2.0,-3.2,0.0,0.9,55.0,-11.2,2022,1,1,대천2동,1,0.0,0.0,winter,토요일,1
2022-01-02,0.0,-0.1,0.3,0.7,67.3,-5.6,2022,1,2,대천2동,0,1.0,1.0,winter,일요일,1
2022-01-03,0.0,-0.9,0.1,0.8,68.3,-6.2,2022,1,3,대천2동,0,0.0,0.0,winter,월요일,0
2022-01-04,0.0,-0.1,0.0,1.4,57.1,-8.1,2022,1,4,대천2동,1,1.0,1.0,winter,화요일,0
2022-01-05,0.0,-1.5,0.0,1.1,56.0,-9.3,2022,1,5,대천2동,0,1.0,1.0,winter,수요일,0
2022-01-06,0.0,-0.7,0.0,1.0,59.1,-8.0,2022,1,6,대천2동,0,1.0,1.0,winter,목요일,0
2022-01-07,0.0,-1.3,0.0,0.9,62.0,-8.2,2022,1,7,대천2동,0,1.0,1.0,winter,금요일,0
2022-01-08,1.0,1.3,0.0,1.0,66.4,-4.4,2022,1,8,대천2동,0,1.0,1.0,winter,토요일,1
2022-01-09,1.0,2.1,0.0,0.7,72.3,-2.5,2022,1,9,대천2동,0,2.0,3.0,winter,일요일,1
2022-01-10,0.0,1.2,0.6,0.9,67.8,-4.4,2022,1,10,대천2동,1,1.0,2.0,winter,월요일,0
2022-01-11,0.0,-3.2,0.9,2.6,59.6,-10.0,2022,1,11,대천2동,1,0.0,0.0,winter,화요일,0
2022-01-12,0.0,-3.9,0.0,1.2,59.9,-10.7,2022,1,12,대천2동,1,0.0,0.0,winter,수요일,0
2022-01-13,0.0,-3.6,0.9,2.2,63.6,-9.7,2022,1,13,대천2동,1,0.0,0.0,winter,목요일,0
2022-01-14,1.0,-3.4,0.0,1.0,53.5,-11.9,2022,1,14,대천2동,0,0.0,0.0,winter,금요일,0
2022-01-15,1.0,1.5,0.0,1.2,50.8,-8.0,2022,1,15,대천2동,0,1.0,1.0,winter,토요일,1
2022-01-16,0.0,0.3,0.0,1.5,60.9,-6.4,2022,1,16,대천2동,1,1.0,1.0,winter,일요일,1
2022-01-17,0.0,-2.4,0.7,1.9,64.6,-8.2,2022,1,17,대천2동,1,0.0,0.0,winter,월요일,0
2022-01-18,0.0,-4.1,0.0,1.0,55.8,-12.0,2022,1,18,대천2동,0,0.0,1.0,winter,화요일,0
2022-01-19,1.0,-2.7,2.4,1.6,66.0,-8.5,2022,1,19,대천2동,1,1.0,1.0,winter,수요일,0
2022-01-20,1.0,-4.1,0.0,1.3,66.3,-9.6,2022,1,20,대천2동,1,1.0,1.0,winter,목요일,0
2022-01-21,0.0,-1.7,0.0,1.3,57.6,-9.3,2022,1,21,대천2동,0,1.0,2.0,winter,금요일,0
2022-01-22,0.0,2.0,0.0,1.0,57.4,-5.6,2022,1,22,대천2동,0,1.0,2.0,winter,토요일,1
2022-01-23,0.0,3.5,0.0,2.2,53.6,-5.3,2022,1,23,대천2동,0,1.0,2.0,winter,일요일,1
2022-01-24,0.0,4.6,0.0,1.1,65.0,-1.7,2022,1,24,대천2동,1,1.0,1.0,winter,월요일,0
2022-01-25,0.0,4.4,0.2,1.0,75.6,0.3,2022,1,25,대천2동,1,1.0,2.0,winter,화요일,0
2022-01-26,1.0,2.2,0.0,0.6,65.5,-3.8,2022,1,26,대천2동,1,1.0,2.0,winter,수요일,0
2022-01-27,1.0,0.3,0.0,1.0,60.5,-6.7,2022,1,27,대천2동,1,1.0,2.0,winter,목요일,0
2022-01-28,1.0,-1.0,0.0,0.9,63.1,-7.3,2022,1,28,대천2동,1,1.0,1.0,winter,금요일,0
2022-01-29,0.0,-2.0,0.0,1.1,56.9,-9.8,2022,1,29,대천2동,1,0.0,1.0,winter,토요일,1
2022-01-30,2.0,-1.8,0.0,1.0,54.9,-10.1,2022,1,30,대천2동,1,0.0,1.0,winter,일요일,1
2022-01-31,0.0,0.0,2.3,1.4,66.0,-5.8,2022,1,31,대천2동,1,0.0,1.0,winter,월요일,1
2022-02-01,1.0,1.1,1.7,1.1,67.0,-4.5,2022,2,1,대천2동,1,1.0,1.0,winter,화요일,1
2022-02-02,0.0,-0.5,0.0,0.9,60.0,-7.4,2022,2,2,대천2동,1,0.0,0.0,winter,수요일,1
2022-02-03,0.0,-1.8,0.0,1.1,57.3,-9.6,2022,2,3,대천2동,1,0.0,0.0,winter,목요일,0
2022-02-04,0.0,-2.3,0.4,1.2,69.9,-7.3,2022,2,4,대천2동,1,0.0,0.0,winter,금요일,0
2022-02-05,1.0,-3.3,0.1,1.7,64.6,-9.1,2022,2,5,대천2동,1,0.0,0.0,winter,토요일,1
2022-02-06,0.0,-1.9,0.0,1.1,65.9,-7.5,2022,2,6,대천2동,1,0.0,0.0,winter,일요일,1
2022-02-07,0.0,-1.7,0.0,1.0,52.4,-10.7,2022,2,7,대천2동,1,0.0,0.0,winter,월요일,0
2022-02-08,0.0,0.2,0.0,0.8,61.3,-6.5,2022,2,8,대천2동,1,0.0,1.0,winter,화요일,0
2022-02-09,1.0,0.9,0.0,1.0,64.5,-5.4,2022,2,9,대천2동,1,1.0,1.0,winter,수요일,0
2022-02-10,1.0,1.8,0.0,0.6,64.3,-4.5,2022,2,10,대천2동,1,1.0,2.0,winter,목요일,0
2022-02-11,1.0,2.6,0.0,1.0,60.0,-4.8,2022,2,11,대천2동,1,1.0,2.0,winter,금요일,0
2022-02-12,2.0,3.8,0.0,1.0,49.3,-7.0,2022,2,12,대천2동,1,2.0,2.0,winter,토요일,1
2022-02-13,0.0,4.8,0.0,1.7,50.6,-5.0,2022,2,13,대천2동,1,2.0,2.0,winter,일요일,1
2022-02-14,0.0,2.9,0.7,1.5,64.1,-3.5,2022,2,14,대천2동,1,1.0,2.0,winter,월요일,0
2022-02-15,0.0,-2.0,0.1,1.7,62.6,-8.2,2022,2,15,대천2동,1,0.0,1.0,winter,화요일,0
2022-02-16,0.0,-4.5,2.3,2.1,67.5,-9.7,2022,2,16,대천2동,1,0.0,0.0,winter,수요일,0
2022-02-17,1.0,-4.5,0.0,2.1,51.6,-13.0,2022,2,17,대천2동,1,0.0,1.0,winter,목요일,0
2022-02-18,1.0,-1.0,0.0,1.1,42.6,-13.4,2022,2,18,대천2동,0,1.0,1.0,winter,금요일,0
2022-02-19,5.0,0.0,0.0,1.4,59.6,-6.9,2022,2,19,대천2동,1,1.0,1.0,winter,토요일,1
2022-02-20,2.0,-2.5,0.0,2.3,50.6,-11.7,2022,2,20,대천2동,1,0.0,0.0,winter,일요일,1
2022-02-21,0.0,-0.4,0.0,1.4,61.5,-7.3,2022,2,21,대천2동,1,0.0,0.0,winter,월요일,0
2022-02-22,0.0,-2.1,0.0,1.5,53.6,-10.5,2022,2,22,대천2동,1,0.0,0.0,winter,화요일,0
2022-02-23,0.0,-3.5,0.0,1.7,46.5,-13.5,2022,2,23,대천2동,1,0.0,0.0,winter,수요일,0
2022-02-24,0.0,-1.5,0.0,0.9,60.8,-8.6,2022,2,24,대천2동,1,1.0,1.0,winter,목요일,0
2022-02-25,0.0,2.5,0.0,1.5,78.5,-1.1,2022,2,25,대천2동,1,1.0,2.0,winter,금요일,0
2022-02-26,1.0,5.8,0.0,4.7,76.0,1.7,2022,2,26,대천2동,1,1.0,2.0,winter,토요일,1
2022-02-27,2.0,3.1,0.0,1.3,64.1,-3.3,2022,2,27,대천2동,1,1.0,1.0,winter,일요일,1
2022-02-28,0.0,6.0,0.0,1.1,52.6,-5.3,2022,2,28,대천2동,1,1.0,0.0,winter,월요일,0
2022-03-01,1.0,5.5,0.5,1.2,75.0,1.3,2022,3,1,대천2동,1,1.0,1.0,spring,화요일,1
2022-03-02,0.0,2.2,0.0,1.0,68.3,-3.4,2022,3,2,대천2동,1,0.0,0.0,spring,수요일,0
2022-03-03,1.0,4.2,0.0,1.3,79.5,0.7,2022,3,3,대천2동,1,1.0,1.0,spring,목요일,0
2022-03-04,0.0,8.1,0.0,4.7,68.3,1.7,2022,3,4,대천2동,1,2.0,2.0,spring,금요일,0
2022-03-05,1.0,3.6,0.0,1.4,44.9,-8.0,2022,3,5,대천2동,1,2.0,1.0,spring,토요일,1
2022-03-06,1.0,1.7,0.0,1.0,44.4,-9.8,2022,3,6,대천2동,1,1.0,0.0,spring,일요일,1
2022-03-07,0.0,1.8,0.0,0.8,53.4,-7.3,2022,3,7,대천2동,1,1.0,0.0,spring,월요일,0
2022-03-08,0.0,4.3,0.0,1.1,65.0,-1.8,2022,3,8,대천2동,1,1.0,1.0,spring,화요일,0
2022-03-09,0.0,5.2,0.0,1.0,72.8,0.3,2022,3,9,대천2동,1,1.0,2.0,spring,수요일,1
2022-03-10,0.0,7.7,0.0,1.5,54.3,-1.8,2022,3,10,대천2동,1,1.0,2.0,spring,목요일,0
2022-03-11,0.0,12.3,0.0,1.2,65.9,5.9,2022,3,11,대천2동,1,1.0,2.0,spring,금요일,0
2022-03-12,1.0,13.6,0.0,2.4,74.4,9.0,2022,3,12,대천2동,1,1.0,2.0,spring,토요일,1
2022-03-13,0.0,10.7,6.5,2.4,94.6,9.7,2022,3,13,대천2동,1,0.0,0.0,spring,일요일,1
2022-03-14,0.0,7.7,9.4,1.4,93.8,6.7,2022,3,14,대천2동,1,1.0,1.0,spring,월요일,0
2022-03-15,0.0,5.5,0.0,1.0,80.8,2.3,2022,3,15,대천2동,1,1.0,1.0,spring,화요일,0
2022-03-16,0.0,9.1,0.0,1.5,62.8,1.9,2022,3,16,대천2동,1,1.0,1.0,spring,수요일,0
2022-03-17,0.0,9.4,4.3,1.9,78.0,5.6,2022,3,17,대천2동,1,1.0,1.0,spring,목요일,0
2022-03-18,0.0,7.8,2.6,2.6,73.6,3.2,2022,3,18,대천2동,1,0.0,0.0,spring,금요일,0
2022-03-19,0.0,4.7,7.9,1.3,86.4,2.5,2022,3,19,대천2동,1,0.0,0.0,spring,토요일,1
2022-03-20,0.0,4.8,0.0,0.7,72.4,0.0,2022,3,20,대천2동,1,0.0,1.0,spring,일요일,1
2022-03-21,1.0,4.5,0.0,1.3,57.5,-3.6,2022,3,21,대천2동,1,0.0,1.0,spring,월요일,0
2022-03-22,1.0,5.8,0.0,1.3,59.3,-1.8,2022,3,22,대천2동,1,1.0,1.0,spring,화요일,0
2022-03-23,0.0,4.6,0.0,0.7,69.5,-0.8,2022,3,23,대천2동,0,1.0,2.0,spring,수요일,0
2022-03-24,0.0,7.1,0.0,2.1,63.3,0.1,2022,3,24,대천2동,1,1.0,1.0,spring,목요일,0
2022-03-25,0.0,14.4,13.2,2.4,60.1,6.3,2022,3,25,대천2동,1,1.0,1.0,spring,금요일,0
2022-03-26,0.0,8.5,16.1,3.3,91.0,7.0,2022,3,26,대천2동,1,0.0,0.0,spring,토요일,1
2022-03-27,0.0,6.3,0.0,1.2,65.4,-0.5,2022,3,27,대천2동,1,1.0,0.0,spring,일요일,1
2022-03-28,0.0,6.0,0.0,0.7,51.9,-4.3,2022,3,28,대천2동,1,0.0,0.0,spring,월요일,0
2022-03-29,0.0,9.0,0.0,1.1,60.1,1.2,2022,3,29,대천2동,1,1.0,0.0,spring,화요일,0
2022-03-30,0.0,10.5,0.4,1.3,81.4,7.2,2022,3,30,대천2동,1,0.0,1.0,spring,수요일,0
2022-03-31,1.0,8.5,0.0,0.8,81.9,5.4,2022,3,31,대천2동,1,1.0,1.0,spring,목요일,0
2022-04-01,2.0,8.2,0.0,0.8,64.1,1.4,2022,4,1,대천2동,1,0.0,0.0,spring,금요일,0
2022-04-02,1.0,5.3,0.0,0.9,67.1,-0.6,2022,4,2,대천2동,1,0.0,1.0,spring,토요일,1
2022-04-03,0.0,7.2,0.0,0.9,61.3,-0.5,2022,4,3,대천2동,1,1.0,1.0,spring,일요일,1
2022-04-04,0.0,8.3,0.0,0.9,53.9,-1.4,2022,4,4,대천2동,1,1.0,1.0,spring,월요일,0
2022-04-05,2.0,8.0,0.0,1.3,51.1,-2.3,2022,4,5,대천2동,1,1.0,1.0,spring,화요일,0
2022-04-06,0.0,10.3,0.0,0.7,66.0,3.8,2022,4,6,대천2동,1,1.0,1.0,spring,수요일,0
2022-04-07,1.0,8.4,1.7,1.2,67.9,2.3,2022,4,7,대천2동,1,1.0,0.0,spring,목요일,0
2022-04-08,1.0,12.4,0.0,1.5,44.0,-0.3,2022,4,8,대천2동,1,1.0,1.0,spring,금요일,0
2022-04-09,1.0,17.8,0.0,5.1,38.6,3.4,2022,4,9,대천2동,1,1.0,1.0,spring,토요일,1
2022-04-10,2.0,18.0,0.0,3.5,47.9,6.6,2022,4,10,대천2동,1,0.0,0.0,spring,일요일,1
2022-04-11,0.0,19.1,0.0,2.2,67.3,12.5,2022,4,11,대천2동,1,1.0,0.0,spring,월요일,0
2022-04-12,1.0,15.8,0.1,2.5,86.5,13.3,2022,4,12,대천2동,1,0.0,0.0,spring,화요일,0
2022-04-13,0.0,12.4,5.5,1.7,91.1,10.9,2022,4,13,대천2동,0,0.0,0.0,spring,수요일,0
2022-04-14,0.0,11.3,8.2,3.1,79.1,7.6,2022,4,14,대천2동,1,0.0,0.0,spring,목요일,0
2022-04-15,3.0,10.5,0.0,1.3,70.0,4.9,2022,4,15,대천2동,1,0.0,0.0,spring,금요일,0
2022-04-16,0.0,10.2,0.0,0.7,66.8,3.5,2022,4,16,대천2동,1,1.0,1.0,spring,토요일,1
2022-04-17,2.0,10.3,0.0,1.2,71.0,4.8,2022,4,17,대천2동,1,1.0,1.0,spring,일요일,1
2022-04-18,1.0,12.5,0.0,0.7,49.9,1.0,2022,4,18,대천2동,1,1.0,1.0,spring,월요일,0
2022-04-19,0.0,11.7,0.0,0.9,64.1,4.4,2022,4,19,대천2동,1,1.0,1.0,spring,화요일,0
2022-04-20,0.0,11.9,0.0,1.6,55.6,2.3,2022,4,20,대천2동,1,1.0,1.0,spring,수요일,0
2022-04-21,1.0,13.4,0.0,2.7,56.3,3.2,2022,4,21,대천2동,1,1.0,1.0,spring,목요일,0
2022-04-22,1.0,14.2,0.0,4.6,78.5,10.2,2022,4,22,대천2동,1,1.0,1.0,spring,금요일,0
2022-04-23,0.0,14.6,0.1,0.9,80.1,10.7,2022,4,23,대천2동,1,1.0,1.0,spring,토요일,1
2022-04-24,1.0,16.2,0.0,1.2,83.4,13.2,2022,4,24,대천2동,1,1.0,1.0,spring,일요일,1
2022-04-25,0.0,18.7,4.3,0.8,78.8,14.5,2022,4,25,대천2동,1,1.0,1.0,spring,월요일,0
2022-04-26,0.0,16.9,6.6,1.0,84.0,13.9,2022,4,26,대천2동,1,1.0,1.0,spring,화요일,0
2022-04-27,2.0,14.4,0.0,1.4,50.6,3.5,2022,4,27,대천2동,1,2.0,1.0,spring,수요일,0
2022-04-28,0.0,14.7,0.0,1.2,58.3,5.9,2022,4,28,대천2동,1,2.0,1.0,spring,목요일,0
2022-04-29,0.0,13.2,8.3,2.0,70.4,7.7,2022,4,29,대천2동,1,0.0,0.0,spring,금요일,0
2022-04-30,0.0,11.9,0.0,1.2,78.6,8.2,2022,4,30,대천2동,1,0.0,0.0,spring,토요일,1
2022-05-01,3.0,11.7,0.0,2.1,70.9,6.0,2022,5,1,대천2동,1,1.0,1.0,spring,일요일,1
2022-05-02,0.0,12.0,0.0,0.9,69.0,5.7,2022,5,2,대천2동,1,1.0,1.0,spring,월요일,0
2022-05-03,0.0,11.8,0.0,1.8,59.3,3.3,2022,5,3,대천2동,1,1.0,1.0,spring,화요일,0
2022-05-04,0.0,15.8,0.0,3.0,40.0,0.9,2022,5,4,대천2동,1,1.0,0.0,spring,수요일,0
2022-05-05,3.0,16.9,0.0,1.6,56.3,7.8,2022,5,5,대천2동,1,0.0,0.0,spring,목요일,1
2022-05-06,0.0,18.9,0.0,1.3,67.3,12.2,2022,5,6,대천2동,1,1.0,1.0,spring,금요일,0
2022-05-07,2.0,15.4,0.2,0.6,71.3,9.6,2022,5,7,대천2동,1,1.0,0.0,spring,토요일,1
2022-05-08,2.0,14.9,0.2,1.2,63.0,7.6,2022,5,8,대천2동,1,1.0,0.0,spring,일요일,1
2022-05-09,2.0,16.3,0.2,1.9,62.3,8.4,2022,5,9,대천2동,1,0.0,0.0,spring,월요일,0
2022-05-10,1.0,17.3,0.0,0.9,47.5,4.3,2022,5,10,대천2동,1,0.0,0.0,spring,화요일,0
2022-05-11,1.0,17.3,0.0,0.7,56.6,8.3,2022,5,11,대천2동,1,1.0,1.0,spring,수요일,0
2022-05-12,1.0,18.1,0.0,1.0,60.8,10.1,2022,5,12,대천2동,1,1.0,1.0,spring,목요일,0
2022-05-13,0.0,15.9,0.0,0.7,69.3,9.9,2022,5,13,대천2동,1,1.0,1.0,spring,금요일,0
2022-05-14,2.0,13.7,0.0,0.9,58.6,5.0,2022,5,14,대천2동,1,1.0,1.0,spring,토요일,1
2022-05-15,1.0,13.6,0.0,0.6,55.6,4.1,2022,5,15,대천2동,1,0.0,0.0,spring,일요일,1
2022-05-16,2.0,15.3,0.0,3.0,54.8,5.5,2022,5,16,대천2동,1,0.0,0.0,spring,월요일,0
2022-05-17,0.0,18.2,0.0,3.6,61.1,10.3,2022,5,17,대천2동,2,1.0,1.0,spring,화요일,0
2022-05-18,0.0,20.3,0.0,5.1,46.8,8.2,2022,5,18,대천2동,2,1.0,1.0,spring,수요일,0
2022-05-19,0.0,18.9,0.0,3.9,42.9,5.8,2022,5,19,대천2동,1,1.0,1.0,spring,목요일,0
2022-05-20,0.0,18.8,0.0,1.4,61.1,10.7,2022,5,20,대천2동,1,1.0,1.0,spring,금요일,0
2022-05-21,2.0,18.2,0.0,1.1,76.5,13.7,2022,5,21,대천2동,1,0.0,0.0,spring,토요일,1
2022-05-22,1.0,17.8,0.0,3.3,80.9,14.3,2022,5,22,대천2동,1,1.0,1.0,spring,일요일,1
2022-05-23,2.0,18.6,0.0,1.7,80.0,14.8,2022,5,23,대천2동,1,1.0,1.0,spring,월요일,0
2022-05-24,0.0,20.0,0.0,0.8,64.5,12.5,2022,5,24,대천2동,1,0.0,0.0,spring,화요일,0
2022-05-25,1.0,18.9,3.9,1.0,71.4,13.1,2022,5,25,대천2동,1,0.0,0.0,spring,수요일,0
2022-05-26,0.0,16.9,1.1,1.8,74.4,11.8,2022,5,26,대천2동,1,0.0,0.0,spring,목요일,0
2022-05-27,0.0,18.5,0.0,2.6,73.9,13.4,2022,5,27,대천2동,1,1.0,0.0,spring,금요일,0
2022-05-28,0.0,21.1,0.0,3.8,61.4,12.2,2022,5,28,대천2동,1,1.0,1.0,spring,토요일,1
2022-05-29,4.0,20.7,0.0,1.6,72.1,15.2,2022,5,29,대천2동,1,0.0,1.0,spring,일요일,1
2022-05-30,0.0,18.8,0.1,1.0,78.4,14.9,2022,5,30,대천2동,1,0.0,0.0,spring,월요일,0
2022-05-31,0.0,17.8,0.0,1.4,56.8,8.2,2022,5,31,대천2동,1,0.0,0.0,spring,화요일,0
2022-06-01,3.0,21.0,0.0,1.9,43.0,6.2,2022,6,1,대천2동,1,0.0,0.0,summer,수요일,1
2022-06-02,2.0,19.8,0.0,1.5,74.5,15.0,2022,6,2,대천2동,1,0.0,0.0,summer,목요일,0
2022-06-03,0.0,21.3,0.0,1.3,75.5,16.6,2022,6,3,대천2동,1,0.0,0.0,summer,금요일,0
2022-06-04,1.0,22.6,0.0,0.9,74.1,17.4,2022,6,4,대천2동,1,1.0,1.0,summer,토요일,1
2022-06-05,3.0,19.8,2.7,1.6,72.8,14.3,2022,6,5,대천2동,1,0.0,1.0,summer,일요일,1
2022-06-06,1.0,19.5,11.3,1.1,82.3,16.2,2022,6,6,대천2동,1,0.0,0.0,summer,월요일,1
2022-06-07,0.0,17.2,57.0,1.3,85.8,14.5,2022,6,7,대천2동,0,0.0,0.0,summer,화요일,0
2022-06-08,0.0,18.9,0.0,1.0,82.9,15.7,2022,6,8,대천2동,1,0.0,0.0,summer,수요일,0
2022-06-09,0.0,20.0,0.0,0.8,77.9,15.7,2022,6,9,대천2동,1,0.0,0.0,summer,목요일,0
2022-06-10,2.0,21.6,0.0,0.6,73.0,16.2,2022,6,10,대천2동,1,1.0,1.0,summer,금요일,0
2022-06-11,4.0,23.9,0.0,1.1,59.5,15.0,2022,6,11,대천2동,1,1.0,1.0,summer,토요일,1
2022-06-12,0.0,21.5,0.0,1.8,77.5,17.2,2022,6,12,대천2동,1,1.0,1.0,summer,일요일,1
2022-06-13,0.0,23.1,0.0,1.2,66.9,16.1,2022,6,13,대천2동,1,1.0,1.0,summer,월요일,0
2022-06-14,0.0,19.2,1.7,2.4,67.6,12.7,2022,6,14,대천2동,1,0.0,0.0,summer,화요일,0
2022-06-15,1.0,19.1,17.8,3.1,90.4,17.4,2022,6,15,대천2동,1,0.0,0.0,summer,수요일,0
2022-06-16,1.0,19.3,0.0,1.1,76.5,14.7,2022,6,16,대천2동,1,0.0,0.0,summer,목요일,0
2022-06-17,0.0,21.9,0.0,2.1,79.8,18.1,2022,6,17,대천2동,1,0.0,0.0,summer,금요일,0
2022-06-18,3.0,22.9,0.0,2.6,81.3,19.4,2022,6,18,대천2동,1,0.0,0.0,summer,토요일,1
2022-06-19,0.0,23.0,0.1,1.8,86.5,20.5,2022,6,19,대천2동,1,0.0,0.0,summer,일요일,1
2022-06-20,1.0,23.7,0.0,0.8,82.4,20.2,2022,6,20,대천2동,0,0.0,0.0,summer,월요일,0
2022-06-21,0.0,24.1,0.0,0.8,80.4,20.2,2022,6,21,대천2동,1,0.0,0.0,summer,화요일,0
2022-06-22,1.0,23.7,0.0,1.2,79.9,19.8,2022,6,22,대천2동,1,0.0,0.0,summer,수요일,0
2022-06-23,2.0,24.0,14.8,4.9,90.3,22.1,2022,6,23,대천2동,1,0.0,1.0,summer,목요일,0
2022-06-24,0.0,22.6,1.6,3.6,91.6,21.1,2022,6,24,대천2동,1,0.0,1.0,summer,금요일,0
2022-06-25,3.0,25.0,0.2,4.0,85.6,22.2,2022,6,25,대천2동,1,1.0,1.0,summer,토요일,1
2022-06-26,2.0,26.1,0.0,5.2,81.4,22.6,2022,6,26,대천2동,1,0.0,0.0,summer,일요일,1
2022-06-27,1.0,27.4,0.2,6.1,76.3,22.8,2022,6,27,대천2동,0,0.0,0.0,summer,월요일,0
2022-06-28,0.0,27.2,0.0,8.3,75.3,22.4,2022,6,28,대천2동,0,0.0,0.0,summer,화요일,0
2022-06-29,0.0,25.1,117.5,6.7,93.1,23.8,2022,6,29,대천2동,0,0.0,0.0,summer,수요일,0
2022-06-30,1.0,26.6,0.1,5.8,82.3,23.2,2022,6,30,대천2동,0,0.0,0.0,summer,목요일,0
2022-07-01,0.0,27.1,0.0,2.0,77.8,22.6,2022,7,1,대천2동,0,0.0,0.0,summer,금요일,0
2022-07-02,2.0,26.4,0.0,0.7,80.4,22.5,2022,7,2,대천2동,1,0.0,0.0,summer,토요일,1
2022-07-03,1.0,27.4,0.0,0.9,75.6,22.3,2022,7,3,대천2동,1,1.0,1.0,summer,일요일,1
2022-07-04,0.0,27.0,0.0,0.7,78.4,22.7,2022,7,4,대천2동,1,0.0,1.0,summer,월요일,0
2022-07-05,0.0,26.5,0.0,0.5,82.4,23.0,2022,7,5,대천2동,1,1.0,1.0,summer,화요일,0
2022-07-06,1.0,28.9,0.0,1.4,72.3,23.1,2022,7,6,대천2동,1,0.0,0.0,summer,수요일,0
2022-07-07,1.0,28.1,0.5,4.2,78.6,23.8,2022,7,7,대천2동,1,0.0,0.0,summer,목요일,0
2022-07-08,0.0,26.0,0.0,2.3,84.3,22.9,2022,7,8,대천2동,1,0.0,0.0,summer,금요일,0
2022-07-09,2.0,25.7,0.0,0.6,80.3,21.8,2022,7,9,대천2동,1,1.0,1.0,summer,토요일,1
2022-07-10,0.0,26.4,0.3,0.8,80.0,22.3,2022,7,10,대천2동,1,1.0,1.0,summer,일요일,1
2022-07-11,0.0,25.4,6.4,0.6,89.5,23.4,2022,7,11,대천2동,1,0.0,0.0,summer,월요일,0
2022-07-12,0.0,26.4,0.0,0.5,86.5,23.9,2022,7,12,대천2동,1,0.0,1.0,summer,화요일,0
2022-07-13,1.0,26.3,18.7,3.5,83.0,23.1,2022,7,13,대천2동,1,0.0,0.0,summer,수요일,0
2022-07-14,2.0,24.3,0.4,0.6,89.8,22.3,2022,7,14,대천2동,1,0.0,0.0,summer,목요일,0
2022-07-15,1.0,24.3,0.0,0.6,82.4,20.8,2022,7,15,대천2동,1,0.0,0.0,summer,금요일,0
2022-07-16,3.0,25.0,0.0,1.2,83.1,21.7,2022,7,16,대천2동,1,0.0,1.0,summer,토요일,1
2022-07-17,6.0,25.3,0.0,1.3,82.0,21.8,2022,7,17,대천2동,1,0.0,0.0,summer,일요일,1
2022-07-18,2.0,22.9,41.1,1.4,91.5,21.4,2022,7,18,대천2동,1,0.0,0.0,summer,월요일,0
2022-07-19,0.0,24.3,0.0,0.9,88.8,22.1,2022,7,19,대천2동,1,0.0,0.0,summer,화요일,0
2022-07-20,1.0,26.1,12.1,1.0,84.6,23.0,2022,7,20,대천2동,1,0.0,1.0,summer,수요일,0
2022-07-21,2.0,23.9,23.0,2.2,88.5,21.8,2022,7,21,대천2동,1,0.0,0.0,summer,목요일,0
2022-07-22,0.0,24.7,0.0,0.9,80.3,20.9,2022,7,22,대천2동,1,0.0,1.0,summer,금요일,0
2022-07-23,2.0,24.3,10.5,1.7,80.4,20.6,2022,7,23,대천2동,1,0.0,1.0,summer,토요일,1
2022-07-24,2.0,25.0,2.4,1.4,90.0,23.2,2022,7,24,대천2동,1,0.0,0.0,summer,일요일,1
2022-07-25,3.0,25.9,0.2,0.5,82.4,22.4,2022,7,25,대천2동,1,0.0,0.0,summer,월요일,0
2022-07-26,1.0,26.1,0.0,1.0,81.6,22.6,2022,7,26,대천2동,1,0.0,1.0,summer,화요일,0
2022-07-27,2.0,26.6,0.0,0.7,83.6,23.4,2022,7,27,대천2동,1,1.0,1.0,summer,수요일,0
2022-07-28,1.0,28.1,0.2,1.1,70.4,21.8,2022,7,28,대천2동,1,0.0,1.0,summer,목요일,0
2022-07-29,3.0,30.1,0.0,1.3,68.5,23.4,2022,7,29,대천2동,1,0.0,1.0,summer,금요일,0
2022-07-30,5.0,29.9,0.0,1.7,64.8,22.4,2022,7,30,대천2동,1,0.0,0.0,summer,토요일,1
2022-07-31,5.0,27.8,4.1,2.1,76.9,23.2,2022,7,31,대천2동,0,0.0,0.0,summer,일요일,1
2022-08-01,1.0,28.4,103.5,2.4,80.1,24.4,2022,8,1,대천2동,0,0.0,0.0,summer,월요일,0
2022-08-02,5.0,27.2,1.5,4.9,87.6,24.9,2022,8,2,대천2동,1,0.0,0.0,summer,화요일,0
2022-08-03,1.0,27.1,0.4,2.3,92.0,25.6,2022,8,3,대천2동,1,0.0,0.0,summer,수요일,0
2022-08-04,2.0,28.0,0.9,1.8,88.9,25.9,2022,8,4,대천2동,1,0.0,0.0,summer,목요일,0
2022-08-05,0.0,28.1,0.0,2.9,90.0,26.3,2022,8,5,대천2동,1,0.0,0.0,summer,금요일,0
2022-08-06,4.0,28.3,0.0,2.3,88.8,26.2,2022,8,6,대천2동,1,0.0,0.0,summer,토요일,1
2022-08-07,2.0,28.8,0.0,3.3,83.5,25.6,2022,8,7,대천2동,1,0.0,0.0,summer,일요일,1
2022-08-08,5.0,28.1,0.1,5.9,85.0,25.3,2022,8,8,대천2동,1,0.0,0.0,summer,월요일,0
2022-08-09,0.0,27.9,0.5,6.3,86.0,25.3,2022,8,9,대천2동,1,0.0,0.0,summer,화요일,0
2022-08-10,0.0,25.4,94.4,3.0,96.6,24.7,2022,8,10,대천2동,1,0.0,0.0,summer,수요일,0
2022-08-11,0.0,25.5,154.2,3.0,96.5,24.8,2022,8,11,대천2동,1,0.0,0.0,summer,목요일,0
2022-08-12,0.0,25.4,0.2,0.3,84.6,22.4,2022,8,12,대천2동,1,0.0,0.0,summer,금요일,0
2022-08-13,1.0,25.9,109.0,1.5,89.4,23.9,2022,8,13,대천2동,1,0.0,0.0,summer,토요일,1
2022-08-14,5.0,27.6,5.7,4.4,90.5,25.9,2022,8,14,대천2동,1,0.0,0.0,summer,일요일,1
2022-08-15,4.0,27.9,35.8,6.8,84.6,25.0,2022,8,15,대천2동,1,0.0,0.0,summer,월요일,1
2022-08-16,0.0,25.1,1.3,0.7,88.9,23.0,2022,8,16,대천2동,1,0.0,0.0,summer,화요일,0
2022-08-17,0.0,24.6,0.0,0.6,81.8,20.9,2022,8,17,대천2동,1,0.0,0.0,summer,수요일,0
2022-08-18,0.0,24.9,0.0,0.9,77.9,20.4,2022,8,18,대천2동,1,0.0,0.0,summer,목요일,0
2022-08-19,0.0,26.5,0.0,3.9,85.0,23.7,2022,8,19,대천2동,1,0.0,0.0,summer,금요일,0
2022-08-20,1.0,26.2,2.9,1.2,88.4,23.9,2022,8,20,대천2동,1,0.0,0.0,summer,토요일,1
2022-08-21,3.0,25.8,0.0,0.7,84.0,22.6,2022,8,21,대천2동,1,0.0,0.0,summer,일요일,1
2022-08-22,3.0,26.4,0.0,1.6,81.9,22.8,2022,8,22,대천2동,1,0.0,0.0,summer,월요일,0
2022-08-23,1.0,23.9,57.3,0.9,94.1,22.8,2022,8,23,대천2동,1,0.0,0.0,summer,화요일,0
2022-08-24,0.0,23.7,0.0,1.2,80.6,19.9,2022,8,24,대천2동,1,0.0,0.0,summer,수요일,0
2022-08-25,0.0,22.3,0.0,0.9,79.6,18.3,2022,8,25,대천2동,1,0.0,0.0,summer,목요일,0
2022-08-26,0.0,22.7,0.0,1.2,73.4,17.4,2022,8,26,대천2동,1,0.0,0.0,summer,금요일,0
2022-08-27,1.0,21.4,0.0,1.5,64.6,13.8,2022,8,27,대천2동,1,0.0,1.0,summer,토요일,1
2022-08-28,1.0,22.0,0.0,1.5,61.6,13.5,2022,8,28,대천2동,1,0.0,0.0,summer,일요일,1
2022-08-29,0.0,20.0,1.7,1.5,74.9,15.3,2022,8,29,대천2동,1,0.0,0.0,summer,월요일,0
2022-08-30,1.0,19.9,65.3,2.5,93.1,18.6,2022,8,30,대천2동,1,0.0,0.0,summer,화요일,0
2022-08-31,0.0,21.6,2.4,1.1,88.1,19.3,2022,8,31,대천2동,0,0.0,1.0,summer,수요일,0
2022-09-01,0.0,22.7,0.0,1.2,79.3,18.4,2022,9,1,대천2동,1,0.0,0.0,fall,목요일,0
2022-09-02,1.0,24.4,0.0,2.2,63.3,16.6,2022,9,2,대천2동,1,0.0,0.0,fall,금요일,0
2022-09-03,1.0,25.3,0.0,2.4,64.8,18.1,2022,9,3,대천2동,1,0.0,0.0,fall,토요일,1
2022-09-04,2.0,25.1,8.6,2.2,78.9,20.9,2022,9,4,대천2동,1,0.0,0.0,fall,일요일,1
2022-09-05,0.0,21.1,62.2,3.8,94.0,20.0,2022,9,5,대천2동,1,0.0,0.0,fall,월요일,0
2022-09-06,0.0,20.6,27.2,2.5,84.0,17.5,2022,9,6,대천2동,1,0.0,0.0,fall,화요일,0
2022-09-07,2.0,21.0,0.0,0.9,88.1,18.8,2022,9,7,대천2동,1,1.0,1.0,fall,수요일,0
2022-09-08,2.0,21.5,0.0,0.8,75.8,16.7,2022,9,8,대천2동,1,1.0,1.0,fall,목요일,0
2022-09-09,1.0,23.4,0.0,1.0,69.6,17.2,2022,9,9,대천2동,1,0.0,1.0,fall,금요일,1
2022-09-10,2.0,22.4,0.0,0.9,67.1,15.8,2022,9,10,대천2동,1,0.0,0.0,fall,토요일,1
2022-09-11,3.0,22.8,0.0,0.8,68.6,16.5,2022,9,11,대천2동,1,0.0,0.0,fall,일요일,1
2022-09-12,3.0,23.2,0.0,0.9,81.9,19.8,2022,9,12,대천2동,1,1.0,1.0,fall,월요일,1
2022-09-13,0.0,24.8,0.9,2.2,71.1,19.1,2022,9,13,대천2동,1,0.0,1.0,fall,화요일,0
2022-09-14,0.0,25.5,1.6,2.9,46.9,13.1,2022,9,14,대천2동,1,0.0,0.0,fall,수요일,0
2022-09-15,1.0,27.4,0.0,2.4,57.8,18.2,2022,9,15,대천2동,1,0.0,0.0,fall,목요일,0
2022-09-16,0.0,26.2,1.5,1.8,76.5,21.5,2022,9,16,대천2동,1,1.0,0.0,fall,금요일,0
2022-09-17,1.0,26.1,0.0,1.2,80.9,22.4,2022,9,17,대천2동,1,1.0,0.0,fall,토요일,1
2022-09-18,3.0,26.9,0.0,2.8,74.6,21.8,2022,9,18,대천2동,1,1.0,0.0,fall,일요일,1
2022-09-19,0.0,23.7,0.0,3.0,65.1,16.6,2022,9,19,대천2동,1,1.0,0.0,fall,월요일,0
2022-09-20,0.0,19.2,0.0,1.4,64.3,11.9,2022,9,20,대천2동,1,1.0,0.0,fall,화요일,0
2022-09-21,1.0,18.1,0.0,0.9,69.3,11.7,2022,9,21,대천2동,1,1.0,0.0,fall,수요일,0
2022-09-22,1.0,18.2,0.0,0.9,69.5,12.3,2022,9,22,대천2동,1,0.0,1.0,fall,목요일,0
2022-09-23,1.0,17.4,0.0,1.4,72.8,12.2,2022,9,23,대천2동,1,0.0,0.0,fall,금요일,0
2022-09-24,2.0,18.0,0.0,0.6,73.6,12.9,2022,9,24,대천2동,1,0.0,0.0,fall,토요일,1
2022-09-25,0.0,18.5,0.0,0.7,76.3,14.0,2022,9,25,대천2동,1,0.0,1.0,fall,일요일,1
2022-09-26,1.0,18.9,0.0,0.9,71.5,13.2,2022,9,26,대천2동,1,0.0,1.0,fall,월요일,0
2022-09-27,3.0,18.7,0.0,0.8,76.8,14.1,2022,9,27,대천2동,1,1.0,1.0,fall,화요일,0
2022-09-28,1.0,18.6,0.0,0.4,82.9,15.4,2022,9,28,대천2동,1,1.0,2.0,fall,수요일,0
2022-09-29,0.0,17.2,0.0,0.8,83.4,13.8,2022,9,29,대천2동,1,1.0,2.0,fall,목요일,0
2022-09-30,0.0,18.6,0.0,0.9,80.3,14.8,2022,9,30,대천2동,1,1.0,2.0,fall,금요일,0
2022-10-01,1.0,20.0,0.0,0.9,76.4,15.3,2022,10,1,대천2동,1,1.0,2.0,fall,토요일,1
2022-10-02,5.0,23.0,1.0,1.3,64.4,15.1,2022,10,2,대천2동,1,1.0,1.0,fall,일요일,1
2022-10-03,3.0,23.4,65.1,4.9,90.4,21.6,2022,10,3,대천2동,1,0.0,0.0,fall,월요일,1
2022-10-04,0.0,17.8,22.9,1.8,83.6,14.8,2022,10,4,대천2동,0,0.0,0.0,fall,화요일,0
2022-10-05,1.0,15.2,0.0,0.5,74.8,10.4,2022,10,5,대천2동,1,0.0,0.0,fall,수요일,0
2022-10-06,0.0,16.1,0.0,0.4,77.3,11.9,2022,10,6,대천2동,1,0.0,0.0,fall,목요일,0
2022-10-07,0.0,14.2,0.0,1.2,68.4,8.2,2022,10,7,대천2동,1,0.0,0.0,fall,금요일,0
2022-10-08,3.0,15.1,0.0,0.6,70.6,9.4,2022,10,8,대천2동,0,0.0,0.0,fall,토요일,1
2022-10-09,3.0,13.9,21.0,0.9,81.9,10.6,2022,10,9,대천2동,1,0.0,0.0,fall,일요일,1
2022-10-10,0.0,12.5,1.6,1.4,63.3,5.5,2022,10,10,대천2동,1,0.0,0.0,fall,월요일,1
2022-10-11,1.0,12.8,0.1,1.4,71.0,7.4,2022,10,11,대천2동,1,0.0,0.0,fall,화요일,0
2022-10-12,1.0,12.5,0.0,0.7,74.4,7.5,2022,10,12,대천2동,1,0.0,1.0,fall,수요일,0
2022-10-13,1.0,15.4,0.0,0.5,77.3,11.0,2022,10,13,대천2동,1,0.0,1.0,fall,목요일,0
2022-10-14,1.0,16.6,0.0,0.9,77.0,12.3,2022,10,14,대천2동,1,1.0,1.0,fall,금요일,0
2022-10-15,0.0,17.5,0.0,0.9,78.4,13.5,2022,10,15,대천2동,1,1.0,2.0,fall,토요일,1
2022-10-16,1.0,17.0,0.3,0.6,80.3,13.4,2022,10,16,대천2동,1,1.0,2.0,fall,일요일,1
2022-10-17,0.0,12.5,0.0,2.3,49.5,1.7,2022,10,17,대천2동,1,1.0,1.0,fall,월요일,0
2022-10-18,0.0,9.2,0.0,1.2,60.3,1.3,2022,10,18,대천2동,0,0.0,0.0,fall,화요일,0
2022-10-19,0.0,10.2,0.0,0.5,63.1,3.1,2022,10,19,대천2동,0,0.0,0.0,fall,수요일,0
2022-10-20,0.0,12.6,0.0,1.0,68.0,6.5,2022,10,20,대천2동,1,1.0,1.0,fall,목요일,0
2022-10-21,0.0,13.1,0.0,0.8,68.9,7.2,2022,10,21,대천2동,1,1.0,2.0,fall,금요일,0
2022-10-22,6.0,15.0,0.0,0.5,84.1,12.1,2022,10,22,대천2동,1,1.0,1.0,fall,토요일,1
2022-10-23,3.0,13.5,0.0,0.9,68.0,7.3,2022,10,23,대천2동,1,1.0,1.0,fall,일요일,1
2022-10-24,1.0,10.5,0.0,1.4,55.9,1.4,2022,10,24,대천2동,0,0.0,0.0,fall,월요일,0
2022-10-25,1.0,10.2,0.0,1.1,60.3,2.4,2022,10,25,대천2동,0,0.0,0.0,fall,화요일,0
2022-10-26,0.0,12.7,0.0,0.9,61.8,5.1,2022,10,26,대천2동,1,0.0,0.0,fall,수요일,0
2022-10-27,0.0,13.0,0.0,0.9,70.8,7.2,2022,10,27,대천2동,1,1.0,1.0,fall,목요일,0
2022-10-28,1.0,12.2,0.0,0.9,79.9,8.5,2022,10,28,대천2동,1,1.0,1.0,fall,금요일,0
2022-10-29,0.0,13.0,0.0,0.8,79.6,9.2,2022,10,29,대천2동,1,1.0,2.0,fall,토요일,1
2022-10-30,3.0,13.7,0.0,0.7,75.3,8.9,2022,10,30,대천2동,1,1.0,1.0,fall,일요일,1
2022-10-31,0.0,13.6,0.0,0.8,78.5,9.6,2022,10,31,대천2동,1,1.0,1.0,fall,월요일,0
2022-11-01,0.0,12.8,0.0,0.6,83.9,9.9,2022,11,1,대천2동,1,1.0,2.0,fall,화요일,0
2022-11-02,2.0,10.1,0.0,0.8,69.9,4.3,2022,11,2,대천2동,0,1.0,1.0,fall,수요일,0
2022-11-03,0.0,10.3,0.0,1.0,63.6,3.1,2022,11,3,대천2동,0,1.0,1.0,fall,목요일,0
2022-11-04,1.0,6.7,0.0,1.9,51.6,-3.0,2022,11,4,대천2동,1,0.0,0.0,fall,금요일,0
2022-11-05,1.0,7.3,0.0,0.7,62.4,0.3,2022,11,5,대천2동,0,0.0,0.0,fall,토요일,1
2022-11-06,0.0,9.7,0.0,1.0,65.5,3.2,2022,11,6,대천2동,1,0.0,0.0,fall,일요일,1
2022-11-07,0.0,10.3,0.0,0.9,64.1,3.4,2022,11,7,대천2동,1,1.0,1.0,fall,월요일,0
2022-11-08,1.0,12.2,0.0,1.1,82.1,9.0,2022,11,8,대천2동,1,1.0,1.0,fall,화요일,0
2022-11-09,0.0,10.7,0.0,0.7,80.5,7.0,2022,11,9,대천2동,1,1.0,2.0,fall,수요일,0
2022-11-10,1.0,12.9,0.0,1.4,69.5,6.8,2022,11,10,대천2동,1,1.0,2.0,fall,목요일,0
2022-11-11,1.0,15.4,0.0,1.1,61.1,7.3,2022,11,11,대천2동,1,2.0,2.0,fall,금요일,0
2022-11-12,0.0,18.3,7.3,3.3,70.1,12.4,2022,11,12,대천2동,1,1.0,1.0,fall,토요일,1
2022-11-13,0.0,10.5,0.0,0.6,76.4,6.4,2022,11,13,대천2동,0,0.0,1.0,fall,일요일,1
2022-11-14,2.0,9.9,0.0,0.5,71.3,4.7,2022,11,14,대천2동,0,1.0,1.0,fall,월요일,0
2022-11-15,0.0,10.4,0.0,1.3,68.3,4.6,2022,11,15,대천2동,1,1.0,1.0,fall,화요일,0
2022-11-16,0.0,9.7,0.7,0.8,71.0,3.9,2022,11,16,대천2동,1,1.0,1.0,fall,수요일,0
2022-11-17,0.0,10.5,0.0,1.1,58.9,2.5,2022,11,17,대천2동,1,1.0,1.0,fall,목요일,0
2022-11-18,0.0,11.7,0.0,1.7,56.3,2.2,2022,11,18,대천2동,1,1.0,1.0,fall,금요일,0
2022-11-19,1.0,13.2,0.0,1.0,52.5,3.2,2022,11,19,대천2동,1,1.0,1.0,fall,토요일,1
2022-11-20,2.0,13.5,0.0,0.9,63.3,6.4,2022,11,20,대천2동,1,1.0,1.0,fall,일요일,1
2022-11-21,0.0,11.9,0.0,0.7,74.1,7.3,2022,11,21,대천2동,1,1.0,2.0,fall,월요일,0
2022-11-22,2.0,11.8,0.6,1.4,76.4,7.5,2022,11,22,대천2동,1,1.0,2.0,fall,화요일,0
2022-11-23,1.0,10.1,0.0,1.0,70.9,4.7,2022,11,23,대천2동,0,1.0,2.0,fall,수요일,0
2022-11-24,0.0,9.0,0.0,0.7,78.0,5.0,2022,11,24,대천2동,0,1.0,1.0,fall,목요일,0
2022-11-25,0.0,10.9,0.0,1.8,73.1,5.7,2022,11,25,대천2동,1,1.0,1.0,fall,금요일,0
2022-11-26,1.0,8.6,0.0,1.3,61.3,1.0,2022,11,26,대천2동,1,1.0,1.0,fall,토요일,1
2022-11-27,1.0,6.8,0.0,1.0,57.4,-1.6,2022,11,27,대천2동,0,1.0,1.0,fall,일요일,1
2022-11-28,2.0,16.9,11.7,2.0,68.4,10.4,2022,11,28,대천2동,1,0.0,0.0,fall,월요일,0
2022-11-29,0.0,8.5,3.0,3.1,63.4,1.4,2022,11,29,대천2동,1,0.0,0.0,fall,화요일,0
2022-11-30,1.0,-1.8,0.0,3.8,57.8,-9.1,2022,11,30,대천2동,1,0.0,0.0,fall,수요일,0
2022-12-01,0.0,-2.4,0.0,2.2,49.5,-11.9,2022,12,1,대천2동,0,0.0,0.0,winter,목요일,0
2022-12-02,0.0,0.4,0.0,1.3,54.0,-8.1,2022,12,2,대천2동,0,0.0,1.0,winter,금요일,0
2022-12-03,1.0,5.7,0.3,1.3,67.9,0.1,2022,12,3,대천2동,0,1.0,1.0,winter,토요일,1
2022-12-04,2.0,-0.8,0.0,3.1,44.0,-12.0,2022,12,4,대천2동,1,0.0,0.0,winter,일요일,1
2022-12-05,0.0,-1.2,0.0,2.3,43.5,-12.7,2022,12,5,대천2동,0,0.0,0.0,winter,월요일,0
2022-12-06,0.0,2.4,1.2,0.8,71.4,-2.5,2022,12,6,대천2동,0,0.0,0.0,winter,화요일,0
2022-12-07,0.0,7.4,0.0,1.0,54.6,-1.4,2022,12,7,대천2동,1,1.0,1.0,winter,수요일,0
2022-12-08,0.0,4.6,0.0,1.0,66.5,-1.5,2022,12,8,대천2동,0,0.0,0.0,winter,목요일,0
2022-12-09,0.0,5.9,0.0,0.8,66.9,-0.1,2022,12,9,대천2동,0,1.0,1.0,winter,금요일,0
2022-12-10,0.0,3.2,0.0,1.2,57.6,-5.2,2022,12,10,대천2동,0,1.0,1.0,winter,토요일,1
2022-12-11,0.0,1.9,0.0,0.8,59.6,-5.4,2022,12,11,대천2동,0,1.0,1.0,winter,일요일,1
2022-12-12,1.0,3.1,1.0,1.4,68.3,-2.4,2022,12,12,대천2동,0,0.0,1.0,winter,월요일,0
2022-12-13,0.0,3.9,0.8,1.8,65.0,-2.2,2022,12,13,대천2동,1,2.0,2.0,winter,화요일,0
2022-12-14,0.0,-5.3,0.1,2.8,71.5,-9.7,2022,12,14,대천2동,0,1.0,1.0,winter,수요일,0
2022-12-15,0.0,0.3,2.0,2.7,77.9,-3.2,2022,12,15,대천2동,0,0.0,1.0,winter,목요일,0
2022-12-16,0.0,-2.8,0.0,2.0,54.0,-11.0,2022,12,16,대천2동,0,0.0,1.0,winter,금요일,0
2022-12-17,0.0,-4.2,2.2,1.8,75.6,-7.9,2022,12,17,대천2동,1,0.0,0.0,winter,토요일,1
2022-12-18,0.0,-7.0,0.0,1.6,62.3,-13.4,2022,12,18,대천2동,1,0.0,1.0,winter,일요일,1
2022-12-19,0.0,-4.4,0.0,1.0,67.9,-9.7,2022,12,19,대천2동,0,0.0,1.0,winter,월요일,0
2022-12-20,0.0,-0.5,0.0,1.3,61.9,-7.1,2022,12,20,대천2동,0,1.0,1.0,winter,화요일,0
2022-12-21,0.0,3.6,4.8,0.9,81.4,0.5,2022,12,21,대천2동,0,1.0,1.0,winter,수요일,0
2022-12-22,1.0,-4.0,1.4,2.5,79.6,-7.0,2022,12,22,대천2동,1,0.0,0.0,winter,목요일,0
2022-12-23,0.0,-5.9,0.0,2.9,72.6,-10.0,2022,12,23,대천2동,1,0.0,0.0,winter,금요일,0
2022-12-24,1.0,-7.6,0.0,1.6,64.5,-13.2,2022,12,24,대천2동,0,0.0,1.0,winter,토요일,1
2022-12-25,1.0,-3.3,0.0,0.6,75.4,-7.1,2022,12,25,대천2동,0,0.0,1.0,winter,일요일,1
2022-12-26,1.0,-2.0,0.0,0.5,77.1,-5.7,2022,12,26,대천2동,0,0.0,1.0,winter,월요일,0
2022-12-27,0.0,-0.4,0.0,0.3,72.9,-5.0,2022,12,27,대천2동,0,1.0,1.0,winter,화요일,0
2022-12-28,1.0,-0.7,0.0,0.9,68.8,-5.9,2022,12,28,대천2동,0,1.0,1.0,winter,수요일,0
2022-12-29,0.0,-1.4,0.0,0.6,69.9,-6.4,2022,12,29,대천2동,0,1.0,1.0,winter,목요일,0
2022-12-30,0.0,0.5,0.2,1.1,72.0,-4.1,2022,12,30,대천2동,0,1.0,1.0,winter,금요일,0
2022-12-31,1.0,0.7,0.0,0.8,65.0,-5.3,2022,12,31,대천2동,0,1.0,1.0,winter,토요일,1
2023-01-01,2.0,1.0,0.0,1.2,58.5,-6.7,2023,1,1,대천2동,0,1.0,2.0,winter,일요일,1
2023-01-02,0.0,-2.3,0.0,1.2,54.6,-10.4,2023,1,2,대천2동,0,0.0,0.0,winter,월요일,0
2023-01-03,0.0,-2.4,0.0,0.8,61.4,-9.0,2023,1,3,대천2동,0,0.0,1.0,winter,화요일,0
2023-01-04,1.0,0.0,0.0,0.7,64.5,-5.9,2023,1,4,대천2동,0,1.0,1.0,winter,수요일,0
2023-01-05,0.0,1.4,0.0,1.1,65.5,-4.4,2023,1,5,대천2동,0,1.0,2.0,winter,목요일,0
2023-01-06,0.0,3.4,1.3,1.9,72.3,-1.1,2023,1,6,대천2동,1,2.0,3.0,winter,금요일,0
2023-01-07,0.0,3.6,0.0,1.2,64.3,-2.6,2023,1,7,대천2동,1,3.0,3.0,winter,토요일,1
2023-01-08,2.0,2.3,0.0,1.0,71.9,-2.3,2023,1,8,대천2동,0,2.0,2.0,winter,일요일,1
2023-01-09,0.0,5.1,0.0,1.8,64.4,-1.1,2023,1,9,대천2동,1,2.0,2.0,winter,월요일,0
2023-01-10,0.0,0.1,0.0,0.5,69.5,-5.1,2023,1,10,대천2동,0,1.0,2.0,winter,화요일,0
2023-01-11,0.0,1.9,0.0,0.9,71.8,-2.7,2023,1,11,대천2동,0,1.0,2.0,winter,수요일,0
2023-01-12,0.0,8.8,0.2,1.4,53.0,-0.6,2023,1,12,대천2동,0,1.0,1.0,winter,목요일,0
2023-01-13,0.0,10.6,14.5,2.0,94.5,9.6,2023,1,13,대천2동,1,0.0,0.0,winter,금요일,0
2023-01-14,1.0,5.8,0.0,0.7,97.4,5.4,2023,1,14,대천2동,0,1.0,1.0,winter,토요일,1
2023-01-15,0.0,0.0,0.8,1.3,76.5,-3.8,2023,1,15,대천2동,1,0.0,1.0,winter,일요일,1
2023-01-16,0.0,-3.1,0.0,1.2,56.9,-10.5,2023,1,16,대천2동,1,0.0,0.0,winter,월요일,0
2023-01-17,1.0,-1.7,0.0,,64.0,-7.8,2023,1,17,대천2동,0,1.0,1.0,winter,화요일,0
2023-01-18,0.0,-0.2,0.2,0.5,69.0,-5.5,2023,1,18,대천2동,0,1.0,1.0,winter,수요일,0
2023-01-19,0.0,2.1,0.0,2.6,57.9,-5.4,2023,1,19,대천2동,1,1.0,1.0,winter,목요일,0
2023-01-20,0.0,-0.5,0.0,1.6,51.5,-9.5,2023,1,20,대천2동,1,2.0,1.0,winter,금요일,0
2023-01-21,0.0,-2.0,0.0,1.2,58.5,-9.2,2023,1,21,대천2동,1,0.0,0.0,winter,토요일,1
2023-01-22,0.0,1.8,0.0,1.4,53.9,-6.7,2023,1,22,대천2동,1,1.0,1.0,winter,일요일,1
2023-01-23,0.0,1.1,0.0,1.5,64.4,-5.0,2023,1,23,대천2동,0,1.0,1.0,winter,월요일,1
2023-01-24,0.0,-9.8,0.0,3.8,62.1,-15.7,2023,1,24,대천2동,1,0.0,0.0,winter,화요일,1
2023-01-25,0.0,-9.1,0.0,1.2,55.0,-16.7,2023,1,25,대천2동,1,0.0,0.0,winter,수요일,0
2023-01-26,0.0,-3.0,2.2,1.2,80.6,-6.0,2023,1,26,대천2동,0,0.0,0.0,winter,목요일,0
2023-01-27,0.0,-5.0,0.0,2.4,61.1,-11.7,2023,1,27,대천2동,0,0.0,0.0,winter,금요일,0
2023-01-28,0.0,-5.6,0.0,0.9,73.9,-9.7,2023,1,28,대천2동,0,0.0,0.0,winter,토요일,1
2023-01-29,0.0,0.0,0.0,1.8,67.0,-5.5,2023,1,29,대천2동,0,1.0,0.0,winter,일요일,1
2023-01-30,0.0,-0.5,0.0,0.7,58.5,-8.2,2023,1,30,대천2동,0,1.0,0.0,winter,월요일,0
2023-01-31,0.0,3.8,0.0,3.1,63.6,-2.7,2023,1,31,대천2동,1,1.0,0.0,winter,화요일,0
